manufacturer_sku,ean13,weight,length,width,height,prop_65,cost_price,min_price,made_to_order,product__product_class__name,product__brand__name,product__title,product__description,product__bullets__0,product__bullets__1,product__bullets__2,product__bullets__3,product__bullets__4,product__bullets__5,product__bullets__6,product__configuration__codes,product__multipack_quantity,product__country_of_origin__alpha_3,product__parent_sku,attrib__arm_height,attrib__assembly_required,attrib__back_material,attrib__blade_finish,attrib__bulb_included,attrib__bulb_type,attrib__color,attrib__cord_length,attrib__design_id,attrib__designer,attrib__distressed_finish,attrib__fill,attrib__finish,attrib__frame_color,attrib__hardwire,attrib__kit,attrib__leg_color,attrib__leg_finish,attrib__material,attrib__number_bulbs,attrib__orientation,attrib__outdoor_safe,attrib__pile_height,attrib__seat_depth,attrib__seat_height,attrib__seat_width,attrib__shade,attrib__size,attrib__switch_type,attrib__ul_certified,attrib__warranty_years,attrib__wattage,attrib__weave,attrib__weight_capacity,boxes__0__weight,boxes__0__length,boxes__0__height,boxes__0__width,boxes__1__weight,boxes__1__length,boxes__1__height,boxes__1__width,boxes__2__weight,boxes__2__length,boxes__2__height,boxes__2__width,boxes__3__weight,boxes__3__length,boxes__3__height,boxes__3__width,product__styles
203,081-093700203-5,6.0,18.0,18.0,36.0,True,99.99,99.99,False,Indoor Lighting,Dimond Lighting,White Obelisk Table Lamp With Night Light,A white obelisk table lamp with night light in a white finish made of glass,8-Inch wide base,,,,,,,finish,1,CHN,A-9999999,,,,,No,A21 3-Way,,66,,,,,White,,,No,,,Glass,,,,,,,,Round Hardback White Fabric Shade,,3-Way,,,100,,,10,19,34,19,,,,,,,,,,,,,Modern / Contemporary
205,081-093700205-9,12.0,18.0,18.0,31.0,True,99.99,99.99,False,Indoor Lighting,Dimond Lighting,Antiqued Porcelain Table Lamp In Celadon Crackle Finish,A antiqued porcelain table lamp in celadon crackle finish in a celadon finish made of ceramic,12-Inch wide base,,,,,,,finish,1,CHN,A-9999999,,,,,No,A21 3-Way,,66,,,,,Celadon,,,No,,,Ceramic,,,,,,,,Round Hardback Burlap Shade,,3-Way,,,100,,,14,21,19,19,,,,,,,,,,,,,Traditional
208,081-093700208-0,7.0,10.0,10.0,27.0,True,99.99,99.99,False,Indoor Lighting,Dimond Lighting,Bisque Ceramic Table Lamp In Taupe,A bisque ceramic table lamp in taupe in a taupe finish made of ceramic,10-Inch wide base,,,,,,,finish,1,CHN,A-9999999,,,,,No,A21 3-Way,,66,,,,,Taupe,,,No,,,Ceramic,,,,,,,,Round Hardback Linen Shade,,3-Way,,,100,,,10,28,12,12,,,,,,,,,,,,,Modern / Contemporary
210,081-093700210-3,8.0,20.0,20.0,25.0,True,99.99,99.99,False,Indoor Lighting,Dimond Lighting,Recycled Fluted Glass Urn Table Lamp In Blue,"A recycled fluted glass urn table lamp in blue in a blue finish made of recycled glass, acrylic",14-Inch wide base,,,,,,,finish,1,CHN,A-9999999,,,,,No,A21 3-Way,,66,,,,,Blue,,,No,,,"Recycled Glass, Acrylic",,,,,,,,Round Hardback White Fabric Shade,,3-Way,,,100,,,10,21,23,21,,,,,,,,,,,,,Traditional
217,081-093700217-2,10.0,18.0,18.0,34.0,True,99.99,99.99,False,Indoor Lighting,Dimond Lighting,Fluted Mercury Glass Table Lamp In Silver,A fluted mercury glass table lamp in silver in a silver finish made of glass,9-Inch wide base,,,,,,,finish,1,CHN,A-9999999,,,,,No,A21 3-Way,,66,,,,,Silver,,,No,,,Glass,,,,,,,,Round Hardback White Fabric Shade,,3-Way,,,100,,,12,26,19,19,,,,,,,,,,,,,Modern / Contemporary
239,081-093700239-4,7.0,18.0,18.0,28.0,True,99.99,99.99,False,Indoor Lighting,Dimond Lighting,Amber Crackle Arctic Glass Table Lamp,A amber crackle arctic glass table lamp in a amber crackle finish made of glass,6-Inch wide base,,,,,,,finish,1,CHN,A-9999999,,,,,No,A21 3-Way,,,,,,,Amber Crackle,,,No,,,Glass,,,,,,,,Round Hardback Bleached Burlap Shade,,3-Way,,,100,,,10,19,22,19,,,,,,,,,,,,,Transitional
248,081-093700248-6,10.0,16.0,16.0,24.0,True,99.99,99.99,False,Indoor Lighting,Dimond Lighting,Ribbed Terra Cotta Table Lamp In Tomato Red,A ribbed terra cotta table lamp in tomato red in a tomato red finish made of ceramic,9-Inch wide base,,,,,,,finish,1,CHN,A-9999999,,,,,No,A21 3-Way,,,,,,,Tomato Red,,,No,,,Ceramic,,,,,,,,Round Hardback Bleached Burlap Shade,,3-Way,,,100,,,12,26,15,12,,,,,,,,,,,,,Transitional
271,081-093700271-4,8.0,18.0,18.0,28.0,True,99.99,99.99,False,Indoor Lighting,Dimond Lighting,Ceramic Ball Table Lamp In White And Amethyst,A ceramic ball table lamp in white and amethyst in a white finish made of ceramic,12-Inch wide base,,,,,,,finish,1,CHN,A-9999999,,,,,No,A21 3-Way,,,,,,,White,,,No,,,Ceramic,,,,,,,,Round Hardback White Fabric Shade,,3-Way,,,100,,,11,30,14,17,,,,,,,,,,,,,Traditional
276,081-093700276-9,10.0,16.0,16.0,30.0,True,99.99,99.99,False,Indoor Lighting,Dimond Lighting,Earthenware Pineapple Top Ceramic Table Lamp,A earthenware pineapple top ceramic table lamp in a matte finish made of ceramic,6-Inch wide base,,,,,,,finish,1,CHN,A-9999999,,,,,No,A21 3-Way,,,,,,,Matte,,,No,,,Ceramic,,,,,,,,Round Hardback Linen Shade,,3-Way,,,100,,,13,18,26,18,,,,,,,,,,,,,Traditional
281,081-093700281-3,18.0,18.0,18.0,64.0,True,99.99,99.99,False,Indoor Lighting,Dimond Lighting,Modern Wood and White Bisque Ceramic Floor Lamp,"A modern wood and white bisque ceramic floor lamp in a modern wood, white bisque finish made of ceramic, wood",10-Inch wide base,,,,,,,finish,1,CHN,A-9999999,,,,,No,A21 3-Way,,,,,,,"Modern Wood, White Bisque",,,No,,,"Ceramic, Wood",,,,,,,,Round Hardback Black Fabric Shade,,3-Way,,,150,,,20,51,19,19,,,,,,,,,,,,,Modern / Contemporary
285,081-093700285-1,11.0,18.0,18.0,32.0,True,99.99,99.99,False,Indoor Lighting,Dimond Lighting,Lattice-Handled Ceramic Urn Table Lamp In White,A lattice-handled ceramic urn table lamp in white in a porcelain finish made of ceramic,base measures 12.5x18,,,,,,,finish,1,CHN,A-9999999,,,,,No,A21 3-Way,,,,,,,Porcelain,,,No,,,Ceramic,,,,,,,,Round Hardback Linen Shade With Rolled Edge,,3-Way,,,150,,,12,37,19,19,,,,,,,,,,,,,
287,081-093700287-5,6.0,7.0,7.0,14.0,True,99.99,99.99,False,Indoor Lighting,Dimond Lighting,White Ceramic Up-Light,A white ceramic up-light in a white finish made of porcelain,,,,,,,,finish,1,CHN,A-9999999,,,,,No,A19,,,,,,,White,,,No,,,Porcelain,,,,,,,,No Shade,,On-Off Line Switch,,,60,,,7,18,9,9,,,,,,,,,,,,,
289,081-093700289-9,7.0,15.0,14.0,24.0,True,99.99,99.99,False,Indoor Lighting,Dimond Lighting,Jute-Wrapped Mercury Glass Table Lamp,"A jute-wrapped mercury glass table lamp in a mercury finish made of glass, componise",6.5-Inch wide base,,,,,,,finish,1,CHN,A-9999999,,,,,No,A21 3-Way,,66,,,,,Mercury,,,No,,,"Glass, Componise",,,,,,,,Round Hardback Burlap Shade with Rolled Edges,,3-Way,,,100,,,10,27,16,16,,,,,,,,,,,,,Transitional
316,081-093700316-2,10.0,14.0,14.0,33.0,True,99.99,99.99,False,Indoor Lighting,Dimond Lighting,Serrated Venetian Glass Table Lamp In Clear And Gold,A serrated venetian glass table lamp in clear and gold in a clear finish made of glass,6-Inch wide base,,,,,,,finish,1,CHN,A-9999999,,,,,No,A21 3-Way,,66,,,,,Clear,,,No,,,Glass,,,,,,,,Round Hardback White Fabric Shade,,3-Way,,,100,,,12,12,24,12,,,,,,,,,,,,,Traditional
319,081-093700319-3,10.0,10.0,19.0,27.0,True,99.99,99.99,False,Indoor Lighting,Dimond Lighting,Hand Blown Oval Glass Table Lamp In Orange,A hand blown oval glass table lamp in orange in a orange finish made of glass,10-Inch wide base,,,,,,,finish,1,CHN,A-9999999,,,,,No,A21 3-Way,,,,,,,Orange,,,No,,,Glass,,,,,,,,Oval Hardback White Fabric Shade,,3-Way,,,100,,,12,20,20,17,,,,,,,,,,,,,Modern / Contemporary
340,081-093700340-7,12.0,18.0,18.0,32.0,True,99.99,99.99,False,Indoor Lighting,Dimond Lighting,Bisque Ceramic Table Lamp In Dark Taupe,A bisque ceramic table lamp in dark taupe in a dark taupe finish made of ceramic,10-Inch wide base,,,,,,,finish,1,CHN,A-9999999,,,,,No,A21 3-Way,,,,,,,Dark Taupe,,,No,,,Ceramic,,,,,,,,Round Hardback Black Fabric Shade,,3-Way,,,100,,,14,36,19,19,,,,,,,,,,,,,Transitional
352,081-093700352-0,5.0,10.0,19.0,26.0,True,99.99,99.99,False,Indoor Lighting,Dimond Lighting,Wild Wheat Acrylic Table Lamp With Night Light,"A wild wheat acrylic table lamp with night light in a beige finish made of grass, polyresin",10-Inch wide base,,,,,,,finish,1,CHN,A-9999999,,,,,No,A21 3-Way,,,,,,,Beige,,,No,,,"Grass, Polyresin",,,,,,,,Rectangular White Fabric Hardback Shade,,3-Way,,,100,,,7,21,11,18,,,,,,,,,,,,,Modern / Contemporary
401,081-093700401-5,2.0,12.0,12.0,16.2,True,99.99,99.99,False,Indoor Lighting,Dimond Lighting,Cigar Pendant In White,A cigar pendant in white in a white finish made of rice paper,,,,,,,,finish,1,CHN,A-9999999,,,,,No,A19,,,,,,,White,,,No,,,Rice Paper,,,,,,,,Round White Fabric Shade,,,,,100,,,4,19,12,12,,,,,,,,,,,,,Modern / Contemporary
402,081-093700402-2,8.0,10.0,10.0,22.0,True,99.99,99.99,False,Indoor Lighting,Dimond Lighting,Cigar Swingarm Wall Sconce In White,A cigar swingarm wall sconce in white in a satin nickel finish made of metal,20.5-Inch wide base,,,,,,,finish,1,CHN,A-9999999,,,,,No,A19,,,,,,,Satin Nickel,,,No,,,Metal,,,,,,,,Round White Fabric Shade,,,,,100,,,9,23,12,12,,,,,,,,,,,,,Modern / Contemporary
444,081-093700444-2,18.0,14.0,14.0,64.0,True,99.99,99.99,False,Indoor Lighting,Dimond Lighting,Wooden Tulip Floor Lamp,"A wooden tulip floor lamp in a wood tone finish made of metal, wood",10-Inch wide base,,,,,,,finish,1,CHN,A-9999999,,,,,No,A21 3-Way,,72,,,,,Wood Tone,,,No,,,"Metal, Wood",,,,,,,,Round Hardback White Fabric Shade,,3-Way,,,100,,,29,17,41,16,,,,,,,,,,,,,Modern / Contemporary
500,081-093700500-5,10.0,16.0,16.0,30.0,True,99.99,99.99,False,Indoor Lighting,Dimond Lighting,Aspen Bark Table Lamp,"A aspen bark table lamp in a natural finish made of bark, metal",6.5-Inch wide base,,,,,,,finish,1,CHN,A-9999999,,,,,No,A21 3-Way,,66,,,,,Natural,,,No,,,"Bark, Metal",,,,,,,,Round Hardback Burlap Shade With Single Trim,,3-Way,,,100,,,13,18,24,17,,,,,,,,,,,,,Transitional
505,081-093700505-0,11.0,15.0,15.0,26.0,True,99.99,99.99,False,Indoor Lighting,Dimond Lighting,Hand Applied Natural Shells Table Lamp,"A hand applied natural shells table lamp in a natural finish made of metal, shell",8-Inch wide base,,,,,,,finish,1,CHN,A-9999999,,,,,No,A21 3-Way,,,,,,,Natural,,,No,,,"Metal, Shell",,,,,,,,Round Hardback White Fabric Shade,,3-Way,,,100,,,12,28,16,16,,,,,,,,,,,,,Modern / Contemporary
590,081-093700590-6,9.0,20.0,21.0,31.0,True,99.99,99.99,False,Indoor Lighting,Dimond Lighting,Carved Horse Table Lamp,A carved horse table lamp in a natural finish made of composite,19-Inch wide base,,,,,,,finish,1,CHN,A-9999999,,,,,No,A21 3-Way,,66,,,,,Natural,,,No,,,Composite,,,,,,,,Rectangular Hardback Grey Fabric Shade With Single Trim,,3-Way,,,100,,,12,22,22,12,,,,,,,,,,,,,Traditional
671,081-093700671-2,21.0,17.0,11.0,42.0,True,99.99,99.99,False,Indoor Lighting,Dimond Lighting,Pharmacy Floor Lamp In Bronze,A pharmacy floor lamp in bronze in a bronze finish made of metal,,,,,,,,finish,1,CHN,A-9999999,,,,,Yes,,,72,,,,,Bronze,,,No,,,Metal,,,,,,,,Bronze Metal Shade,,,,,,,,10,11,23,5,,,,,,,,,,,,,Traditional
704,081-093700704-7,27.0,15.0,15.0,28.0,True,99.99,99.99,False,Indoor Lighting,Dimond Lighting,Crystal Ballustrade Table Lamp,A crystal ballustrade table lamp in a clear finish made of crystal,6-Inch wide base,,,,,,,finish,1,CHN,A-9999999,,,,,No,A21 3-Way,,66,,,,,Clear,,,No,,,Crystal,,,,,,,,Rectangular Hardback White Fabric Shade,,3-Way,,,100,,,30,30,16,16,,,,,,,,,,,,,Traditional
722,081-093700722-1,15.0,16.0,9.0,27.0,True,99.99,99.99,False,Indoor Lighting,Dimond Lighting,Crystal Rectangular Urn Table Lamp,A crystal rectangular urn table lamp in a clear finish made of crystal,9-Inch wide base,,,,,,,finish,1,CHN,A-9999999,,,,,No,A21 3-Way,,66,,,,,Clear,,,No,,,Crystal,,,,,,,,Rectangular Hardback White Fabric Shade,,3-Way,,,100,,,18,16,12,12,,,,,,,,,,,,,Traditional
729,081-093700729-0,18.0,15.0,18.0,32.0,True,99.99,99.99,False,Indoor Lighting,Dimond Lighting,Crystal Faceted Column Table Lamp,A crystal faceted column table lamp in a clear finish made of crystal,5-Inch wide base,,,,,,,finish,1,CHN,A-9999999,,,,,No,A21 3-Way,,66,,,,,Clear,,,No,,,Crystal,,,,,,,,Round Hardback White Fabric Shade,,3-Way,,,100,,,20,20,19,20,,,,,,,,,,,,,Traditional
801,081-093700801-3,20.0,18.0,18.0,65.0,True,99.99,99.99,False,Indoor Lighting,Dimond Lighting,Distressed Acacia Wood Floor Lamp,A distressed acacia wood floor lamp in a distressed wood tone finish made of wood,11-Inch wide base,,,,,,,finish,2,CHN,A-9999999,,,,,No,A21 3-Way,,,,,,,Distressed Wood Tone,,,No,,,Wood,,,,,,,,Round Hardback Taupe Fabric Shade,,3-Way,,,100,,,18,12,52,12,4,16,20,20,,,,,,,,,Traditional
807,081-093700807-5,12.0,18.0,18.0,28.0,True,99.99,99.99,False,Indoor Lighting,Dimond Lighting,Curved Block Solid Wood Table Lamp,A curved block solid wood table lamp in a natural finish made of wood,10-Inch wide base,,,,,,,finish,1,CHN,A-9999999,,,,,No,A21 3-Way,,66,,,,,Natural,,,No,,,Wood,,,,,,,,Round Hardback Burlap Shade,,3-Way,,,100,,,14,29,19,19,,,,,,,,,,,,,Traditional
992,081-093700992-8,8.0,13.0,6.0,18.0,True,99.99,99.99,False,Indoor Lighting,Dimond Lighting,Chrome LED Desk Lamp,A chrome led desk lamp in a chrome finish made of metal,,,,,,,,finish,1,CHN,A-9999999,,,,,Yes,Integrated LED,,,,,,,Chrome,,,No,,,Metal,,,,,,,,No Shade,,Line Switch,,,5,,,10,20,8,14,,,,,,,,,,,,,Modern / Contemporary
2002,081-093702002-2,,,34.0,34.0,True,99.99,99.99,False,Wall Decor,Dimond Home,Hand Laid Twig Mirror,"A hand laid twig mirror in a brown, mirror finish made of ",,,,,,,,finish,,CHN,A-9999999,,,,,,,,,,,,,"Brown, Mirror",,,,,,,,,,,,,,,,,,,,,,,,,,,,,,,,,,,,,,
8000,081-093708000-2,10.0,18.0,18.0,26.0,True,99.99,99.99,False,Indoor Lighting,Dimond Lighting,Brass Ball,A brass ball in a brass finish made of metal,,,,,,,,finish,1,CHN,A-9999999,,,,,No,A19,,,,,,,Brass,,,No,,,Metal,,,,,,,,Tan Linen Shade,,,,,100,,,12,30,19,19,,,,,,,,,,,,,Transitional
8001,081-093708001-9,10.5,18.0,18.0,29.0,True,99.99,99.99,False,Indoor Lighting,Dimond Lighting,Bamboo Ceramic,A bamboo ceramic in a light blue finish made of ceramic,,,,,,,,finish,1,CHN,A-9999999,,,,,No,A19,,66,,,,,Light Blue,,,No,,,Ceramic,,,,,,,,Round Hardback White Fabric Shade,,,,,100,,,12,30,19,19,,,,,,,,,,,,,Traditional
8004,081-093708004-0,9.5,8.5,8.5,16.0,True,99.99,99.99,False,Indoor Lighting,Dimond Lighting,Cut Crystal,"A cut crystal in a clear finish made of crystal, metal",,,,,,,,finish,1,CHN,A-9999999,,,,,No,A19,,66,,,,,Clear,,,No,,,"Crystal, Metal",,,,,,,,White Fabric Shade,,,,,100,,,11,18,10,10,,,,,,,,,,,,,Traditional
8005,081-093708005-7,9.0,17.0,17.0,29.0,True,99.99,99.99,False,Indoor Lighting,Dimond Lighting,Clear Glass,A clear glass in a clear finish made of glass,Lamp body measures 9.5x17,,,,,,,finish,1,CHN,A-9999999,,,,,No,A19,,66,,,,,Clear,,,No,,,Glass,,,,,,,,Round Hardback White Fabric Shade,,Night Light Socket,,,100,,,11,30,18,18,,,,,,,,,,,,,Modern / Contemporary
8011,081-093708011-8,8.0,17.5,17.5,28.0,True,99.99,99.99,False,Indoor Lighting,Dimond Lighting,Blue Thumb Print Glass,"A blue thumb print glass in a blue finish made of glass, metal",,,,,,,,finish,1,CHN,A-9999999,,,,,No,A19,,66,,,,,Blue,,,No,,,"Glass, Metal",,,,,,,,Tan Fabric Shade With Brown Trim,,,,,100,,,10,29,19,19,,,,,,,,,,,,,Modern / Contemporary
10005,081-093710005-2,30.0,19.0,18.0,62.0,True,99.99,99.99,False,Indoor Lighting,Dimond Lighting,Diamond Cut Crystal Floor Lamp with Satin Nickel Base,A diamond cut crystal floor lamp with satin nickel base in a clear finish made of crystal,9-Inch wide base,,,,,,,finish,1,CHN,A-9999999,,,,,No,A21 3-Way,,72,,,,,Clear,,,No,,,Crystal,,,,,,,,Round Hardback White Fabric Shade,,3-Way,,,100,,,41,60,14,29,,,,,,,,,,,,,Traditional
71050,084-355814057-2,149.9,18.0,70.0,81.0,True,99.99,99.99,False,Furniture,Sterling,Penn Shelving Unit In Farmhouse Stain - Large,A penn shelving unit in farmhouse stain - large in a farmhouse stain finish made of mahogany,,,,,,,,finish,1,IDN,A-9999999,,,,,,,,,,,,,Farmhouse Stain,,,,,,Mahogany,,,,,,,,,,,,,,,,172,20,78,12,,,,,,,,,,,,,Transitional
71051,084-355814056-5,119.0,18.0,45.0,81.0,True,99.99,99.99,False,Furniture,Sterling,Penn Shelving Unit In Farmhouse Stain - Medium,A penn shelving unit in farmhouse stain - medium in a farmhouse stain finish made of mahogany,,,,,,,,finish,1,IDN,A-9999999,,,,,,,,,,,,,Farmhouse Stain,,,,,,Mahogany,,,,,,,,,,,,,,,,141,20,78,12,,,,,,,,,,,,,Transitional
71052,084-355814055-8,108.0,18.0,27.5,81.0,True,99.99,99.99,False,Furniture,Sterling,Penn Shelving Unit In Farmhouse Stain - Small,A penn shelving unit in farmhouse stain - small in a farmhouse stain finish made of mahogany,,,,,,,,finish,1,IDN,A-9999999,,,,,,,,,,,,,Farmhouse Stain,,,,,,Mahogany,,,,,,,,,,,,,,,,130,80,10,20,,,,,,,,,,,,,Transitional
100005,080-432300005-7,,6.0,45.0,72.0,True,99.99,99.99,False,Wall Decor,GuildMaster,CARVED TRUMEAU MIRROR,"A carved trumeau mirror in a bouleau blanc, vintage white finish made of mahogany",Hand painted,,,,,,,finish,1,IDN,A-9999999,,,,,,,,,,,,,"Bouleau Blanc, Vintage White",,,,,,Mahogany,,,,,,,,,,,,,,,,102,76,41,11,,,,,,,,,,,,,Traditional
102501,080-432301525-8,,8.0,60.0,60.0,True,99.99,99.99,False,Wall Decor,GuildMaster,60-Inch Square Mirror,A 60-inch square mirror in a antique metal finish made of tin,,,,,,,,finish,1,IDN,A-9999999,,,,,,,,,,,,,Antique Metal,,,,,,Tin,,,,,,,,,,,,,,,,56,65,65,12,,,,,,,,,,,,,Traditional
102506,080-432302506-7,,2.0,40.0,40.0,True,99.99,99.99,False,Wall Decor,GuildMaster,OSBOURNE MIRROR IN MUTED SILVER LEAF,A osbourne mirror in muted silver leaf in a heritage oyster finish made of mahogany,,,,,,,,finish,1,IDN,A-9999999,,,,,,,,,,,,,Heritage Oyster,,,,,,Mahogany,,,,,,,,,,,,,,,,40,44,43,7,,,,,,,,,,,,,Transitional
102509,080-432310250-8,,2.0,52.0,48.0,True,99.99,99.99,False,Wall Decor,GuildMaster,ORNATE HERITAGE MIRROR,"A ornate heritage mirror in a heritage grey stain, champagne finish made of mahogany",Hand painted,,,,,,,finish,1,IDN,A-9999999,,,,,,,,,,,,,"Heritage Grey Stain, Champagne",,,,,,Mahogany,,,,,,,,,,,,,,,,78,55,52,7,,,,,,,,,,,,,Traditional
103002,080-432301526-6,,1.0,38.0,48.0,True,99.99,99.99,False,Wall Decor,GuildMaster,MANSE METAL MIRROR,A manse metal mirror in a antique gold finish made of metal,Hand painted,,,,,,,finish,1,IDN,A-9999999,,,,,,,,,,,,,Antique Gold,,,,,,Metal,,,,,,,,,,,,,,,,36,41,52,5,,,,,,,,,,,,,Transitional
103003,080-432310300-0,,2.0,30.0,45.0,True,99.99,99.99,False,Wall Decor,GuildMaster,SOMERSET MIRROR,"A somerset mirror in a gold, manor whitewash finish made of mahogany",Hand painted,,,,,,,finish,1,IDN,A-9999999,,,,,,,,,,,,,"Gold, Manor Whitewash",,,,,,Mahogany,,,,,,,,,,,,,,,,18,34,50,3,,,,,,,,,,,,,Transitional
103007,080-432303007-8,,3.0,27.0,36.0,True,99.99,99.99,False,Wall Decor,GuildMaster,BELLE GROVE MIRROR,A belle grove mirror in a crackle white finish made of tin,,,,,,,,finish,1,IDN,A-9999999,,,,,,,,,,,,,Crackle White,,,,,,Tin,,,,,,,,,,,,,,,,16,30,40,5,,,,,,,,,,,,,Traditional
103202,080-432304912-4,,2.0,36.0,78.0,True,99.99,99.99,False,Wall Decor,GuildMaster,SOHO FLOOR MIRROR,A soho floor mirror in a manor greystone finish made of wood,Hand painted,,,,,,,finish,1,IDN,A-9999999,,,,,,,,,,,,,Manor Greystone,,,,,,Wood,,,,,,,,,,,,,,,,82,84,6,41,,,,,,,,,,,,,Transitional
103504,080-432304960-5,,2.0,37.0,37.0,True,99.99,99.99,False,Wall Decor,GuildMaster,CURLED MIRROR,A curled mirror in a manor greystone finish made of mahogany,,,,,,,,finish,1,IDN,A-9999999,,,,,,,,,,,,,Manor Greystone,,,,,,Mahogany,,,,,,,,,,,,,,,,29,40,40,3,,,,,,,,,,,,,Transitional
104004,080-432304004-6,,2.0,30.0,45.0,True,99.99,99.99,False,Wall Decor,GuildMaster,SOMERSET HERITAGE MIRROR,"A somerset heritage mirror in a champagne, heritage grey finish made of mahogany",Hand painted,,,,,,,finish,1,IDN,A-9999999,,,,,,,,,,,,,"Champagne, Heritage Grey",,,,,,Mahogany,,,,,,,,,,,,,,,,27,49,34,6,,,,,,,,,,,,,Transitional
104006,080-432304006-0,,2.0,35.0,63.0,True,99.99,99.99,False,Wall Decor,GuildMaster,VINCENT MIRROR,"A vincent mirror in a crossroads rosa, hand-painted finish made of mahogany",,,,,,,,finish,1,IDN,A-9999999,,,,,,,,,,,,,"Crossroads Rosa, Hand-Painted",,,,,,Mahogany,,,,,,,,,,,,,,,,55,38,66,7,,,,,,,,,,,,,Traditional
104506,080-432304506-5,,2.0,40.0,47.0,True,99.99,99.99,False,Wall Decor,GuildMaster,MANOR MEDALLION MIRROR,A manor medallion mirror in a antique metal finish made of metal,Hand painted,,,,,,,finish,1,IDN,A-9999999,,,,,,,,,,,,,Antique Metal,,,,,,Metal,,,,,,,,,,,,,,,,46,55,46,7,,,,,,,,,,,,,Traditional
104510,080-432304510-2,,2.0,35.0,63.0,True,99.99,99.99,False,Wall Decor,GuildMaster,WATERFRONT VINCENT MIRROR,"A waterfront vincent mirror in a hand-painted, waterfront grey stain, waterfront sea plant finish made of mahogany",Hand painted,,,,,,,finish,1,IDN,A-9999999,,,,,,,,,,,,,"Hand-Painted, Waterfront Grey Stain, Waterfront Sea Plant",,,,,,Mahogany,,,,,,,,,,,,,,,,55,38,66,7,,,,,,,,,,,,,Traditional
105001,080-434318929-9,,6.0,38.0,72.0,True,99.99,99.99,False,Wall Decor,GuildMaster,Carved Trumeau Mirror,"A carved trumeau mirror in a euro plaster finish made of solid mahogany, glass",,,,,,,,finish,1,IDN,A-9999999,,,,,,,,,,,,,Euro Plaster,,,,,,"Solid Mahogany, Glass",,,,,,,,,,,,,,,,110,75,42,12,,,,,,,,,,,,,Traditional
105013,080-434319048-6,,1.0,28.0,52.0,True,99.99,99.99,False,Wall Decor,GuildMaster,Artifacts Architectural Floor Mirror,"A artifacts architectural floor mirror in a aged white finish made of solid mahogany, glass, tin",,,,,,,,finish,1,IDN,A-9999999,,,,,,,,,,,,,Aged White,,,,,,"Solid Mahogany, Glass, Tin",,,,,,,,,,,,,,,,42,35,56,6,,,,,,,,,,,,,Traditional
105016,080-434319051-6,,2.0,30.0,60.5,True,99.99,99.99,False,Wall Decor,GuildMaster,Vintage Carved Acanthus Mirror,"A vintage carved acanthus mirror in a champagne finish made of solid mahogany, glass",,,,,,,,finish,1,IDN,A-9999999,,,,,,,,,,,,,Champagne,,,,,,"Solid Mahogany, Glass",,,,,,,,,,,,,,,,50,64,5,32,,,,,,,,,,,,,Traditional
105017,080-434319052-3,,3.0,37.5,56.5,True,99.99,99.99,False,Wall Decor,GuildMaster,Oval Carved Mirror,"A oval carved mirror in a grain de bois blue slate finish made of solid mahogany, glass",,,,,,,,finish,1,IDN,A-9999999,,,,,,,,,,,,,Grain De Bois Blue Slate,,,,,,"Solid Mahogany, Glass",,,,,,,,,,,,,,,,50,62,6,40,,,,,,,,,,,,,Traditional
105018,080-434319053-0,,2.0,38.0,60.0,True,99.99,99.99,False,Wall Decor,GuildMaster,Champagne Mirror,"A champagne mirror in a antique smoke, front porch white finish made of solid mahogany, glass",,,,,,,,finish,1,IDN,A-9999999,,,,,,,,,,,,,"Antique Smoke, Front Porch White",,,,,,"Solid Mahogany, Glass",,,,,,,,,,,,,,,,58,42,65,7,,,,,,,,,,,,,Traditional
105031,080-434319061-5,,4.0,48.0,72.0,True,99.99,99.99,False,Wall Decor,GuildMaster,Stamped Metal Floor Mirror,"A stamped metal floor mirror in a crossroads brown finish made of glass, metal, tin",,,,,,,,finish,1,IDN,A-9999999,,,,,,,,,,,,,Crossroads Brown,,,,,,"Glass, Metal, Tin",,,,,,,,,,,,,,,,86,74,52,8,,,,,,,,,,,,,Traditional
105501,080-434318660-1,,2.0,40.0,49.0,True,99.99,99.99,False,Wall Decor,GuildMaster,GILDED ARCH MIRROR,A gilded arch mirror in a antique metal finish made of metal,,,,,,,,finish,1,IDN,A-9999999,,,,,,,,,,,,,Antique Metal,,,,,,Metal,,,,,,,,,,,,,,,,41,54,6,43,,,,,,,,,,,,,Transitional
106010,080-434318661-8,,2.0,30.0,60.0,True,99.99,99.99,False,Wall Decor,GuildMaster,TWO CONNECTION MIRROR,A two connection mirror in a signature antique white finish made of mahogany,Inner Bottom Mirror Measures 48x24,Hand painted,,,,,,finish,1,IDN,A-9999999,,,,,,,,,,,,,Signature Antique White,,,,,,Mahogany,,,,,,,,,,,,,,,,52,33,65,6,,,,,,,,,,,,,Traditional
112096,081-800801739-1,6.0,16.8,16.8,31.0,True,99.99,99.99,False,Indoor Lighting,Dimond Home,Fluer De Lis Lamp,A fluer de lis lamp in a aged stone finish made of resin,,,,,,,,finish,1,CHN,A-9999999,,,,,No,A21 3-Way,,,,,,,Aged Stone,,,,,,Resin,,,,,,,,White Linen Shade,,3-Way,,,150,,,8,34,20,15,,,,,,,,,,,,,
112162,081-800801670-7,3.0,9.0,5.0,3.0,True,99.99,99.99,False,Decorative Accessory,Dimond Home,CROCODILE SKULL IN SILVER LEAF,A crocodile skull in silver leaf in a silver leaf finish made of resin,Hand Applied Finish,,,,,,,finish,1,CHN,A-9999999,,,,,,,,,,,,,Silver Leaf,,,,,,Resin,,,,,,,,,,,,,,,,4,7,11,6,,,,,,,,,,,,,Transitional
114162,081-800801653-0,5.0,42.0,2.5,42.0,True,99.99,99.99,False,Wall Decor,Dimond Home,METAL BRANCH WALL MIRROR,"A metal branch wall mirror in a autumn bronze, clear finish made of mirror, metal",Handcrafted,,,,,,,finish,1,CHN,A-9999999,,,,,,,,,,,,,"Autumn Bronze, Clear",,,,,,"Mirror, Metal",,,,,,,,,,,,,,,,8,46,46,5,,,,,,,,,,,,,Transitional
114172,081-800801654-7,22.0,46.1,13.3,30.3,True,99.99,99.99,False,Furniture,Dimond Home,MIRRORED CONSOLE TABLE,A mirrored console table in a clear finish made of mirror,Handcrafted,,,,,,,finish,1,CHN,A-9999999,,,,,,,,,,,,,Clear,,,No,,,Mirror,,,,,,,,,,,,,,,,27,34,50,16,,,,,,,,,,,,,Modern / Contemporary
114174,081-800801655-4,20.0,47.9,14.8,30.0,True,99.99,99.99,False,Furniture,Dimond Home,MIRRORED CONSOLE TABLE WITH CLEAR GLASS TOP,A mirrored console table with clear glass top in a clear finish made of mirror,Handcrafted,,,,,,,finish,1,CHN,A-9999999,,,,,,,,,,,,,Clear,,,No,,,Mirror,,,,,,,,,,,,,,,,25,34,52,18,,,,,,,,,,,,,Modern / Contemporary
114188,081-800801658-5,15.0,27.0,1.0,68.0,True,99.99,99.99,False,Wall Decor,Dimond Home,WALL MIRROR,"A wall mirror in a antique silver mirror, clear finish made of mirror, metal",Handcrafted,,,,,,,finish,1,CHN,A-9999999,,,,,,,,,,,,,"Antique Silver Mirror, Clear",,,,,,"Mirror, Metal",,,,,,,,,,,,,,,,19,73,32,4,,,,,,,,,,,,,Transitional
135003,087-582300020-5,3.0,8.0,8.0,8.0,True,99.99,99.99,False,Indoor Lighting,Dimond Home,Flared Fortress Pendant Light,A flared fortress pendant light in a distressed silver finish made of iron,,,,,,,,finish,1,CHN,A-9999999,,,,,Yes,Filament,,,,,,,Distressed Silver,,,No,,,Iron,,,,,,,,Riveted Iron Shade In Distressed Silver,,Hardwired,,,40,,,4,11,10,10,,,,,,,,,,,,,Transitional
135004,087-582300031-1,10.0,22.0,22.0,16.0,True,99.99,99.99,False,Indoor Lighting,Dimond Home,Colossal Fortress Pendant Lamp,A colossal fortress pendant lamp in a distressed silver finish made of iron,,,,,,,,finish,1,CHN,A-9999999,,,,,Yes,Filament,,,,,,,Distressed Silver,,,No,,,Iron,,,,,,,,Riveted Iron Shade in Distressed Silver,,Hardwired,,,40,,,12,24,24,18,,,,,,,,,,,,,Transitional
135005,087-582300032-8,5.0,22.0,22.0,16.0,True,99.99,99.99,False,Decorative Accessory,Dimond Home,Colossal Fortress Bowl,A colossal fortress bowl in a distressed silver finish made of iron,Handcrafted,,,,,,,finish,1,CHN,A-9999999,,,,,,,,,,,,,Distressed Silver,,,,,,Iron,,,,,,,,,,,,,,,,6,24,24,16,,,,,,,,,,,,,Transitional
135008,081-800801190-0,3.0,9.0,9.0,12.0,True,99.99,99.99,False,Indoor Lighting,Dimond Home,Round Fortress Pendant Light,A round fortress pendant light in a distressed silver finish made of iron,,,,,,,,finish,1,CHN,A-9999999,,,,,Yes,Filament,,,,,,,Distressed Silver,,,No,,,Iron,,,,,,,,Riveted Iron Shade in Distressed Silver,,Hardwired,,,40,,,6,12,10,10,,,,,,,,,,,,,
148027,081-800801667-7,4.0,8.0,5.0,10.0,True,99.99,99.99,False,Decorative Accessory,Dimond Home,STAGHORN CORAL SCULPTURE,"A staghorn coral sculpture in a red finish made of cast iron, marble",Handcrafted,,,,,,,finish,1,CHN,A-9999999,,,,,,,,,,,,,Red,,,,,,"Cast Iron, Marble",,,,,,,,,,,,,,,,6,12,12,12,,,,,,,,,,,,,Transitional
148028,081-800801668-4,4.0,8.0,5.0,10.0,True,99.99,99.99,False,Decorative Accessory,Dimond Home,STAGHORN CORAL SCULPTURE,"A staghorn coral sculpture in a purple finish made of cast iron, marble",Handcrafted,,,,,,,finish,1,CHN,A-9999999,,,,,,,,,,,,,Purple,,,,,,"Cast Iron, Marble",,,,,,,,,,,,,,,,6,12,12,12,,,,,,,,,,,,,Transitional
150017,081-800801671-4,18.0,24.0,24.0,16.0,True,99.99,99.99,False,Furniture,Dimond Home,HAND CARVED COFFEE TABLE,"A hand carved coffee table in a natural, stainless steel finish made of mango wood, stainless steel",Hand Carved,,,,,,,finish,1,IND,A-9999999,,,,,,,,,,,,,"Natural, Stainless Steel",,,No,,,"Mango Wood, Stainless Steel",,,,,,,,,,,,,,,,22,25,25,19,,,,,,,,,,,,,Transitional
150024,081-800801672-1,35.0,29.0,16.0,32.0,True,99.99,99.99,False,Furniture,Dimond Home,4 DRAWER FLAT FILE CABINET,"A 4 drawer flat file cabinet in a blackened iron, natural finish made of hardwood",Handcrafted,,,,,,,finish,1,CHN,A-9999999,,,,,,,,,,,,,"Blackened Iron, Natural",,,No,,,Hardwood,,,,,,,,,,,,,,,,38,37,41,21,,,,,,,,,,,,,Transitional
150027,081-800801673-8,52.0,50.0,16.0,56.0,True,99.99,99.99,False,Furniture,Dimond Home,HAND CARVED CABINET,"A hand carved cabinet in a cream, dark brown finish made of mango wood, stainless steel",Hand Carved,,,,,,,finish,1,CHN,A-9999999,,,,,,,,,,,,,"Cream, Dark Brown",,,No,,,"Mango Wood, Stainless Steel",,,,,,,,,,,,,,,,55,57,52,17,,,,,,,,,,,,,Transitional
160503,080-432320014-3,,8.5,55.0,65.0,True,99.99,99.99,False,Furniture,GuildMaster,ITALIAN WALL DISPLAY,"A italian wall display in a euro market grey stain, signature antique taupe finish made of glass, mahogany",Adjustable Shelves,Hand painted,,,,,,finish,1,IDN,A-9999999,,,,,,,,,,,,,"Euro Market Grey Stain, Signature Antique Taupe",,,,,,"Glass, Mahogany",,,,,,,,,,,,,,,,120,59,68,13,,,,,,,,,,,,,Traditional
160527,080-432301526-9,,2.0,48.0,72.0,True,99.99,99.99,False,Wall Decor,GuildMaster,CORAL AND SEA URCHIN PLATE,"A coral and sea urchin plate in a hand-painted finish made of raffia, wood",Hand painted,,,,,,,finish,1,IDN,A-9999999,,,,,,,,,,,,,Hand-Painted,,,,,,"Raffia, Wood",,,,,,,,,,,,,,,,40,75,52,6,,,,,,,,,,,,,Traditional
160534,080-432316053-9,,2.0,36.0,72.0,True,99.99,99.99,False,Wall Decor,GuildMaster,DESTINATIONS,"A destinations in a hand-painted finish made of paper, engineered wood",Hand painted,,,,,,,finish,1,IDN,A-9999999,,,,,,,,,,,,,Hand-Painted,,,,,,"Paper, Engineered Wood",,,,,,,,,,,,,,,,47,40,76,6,,,,,,,,,,,,,Traditional
161015,080-432361015-7,,2.0,58.0,72.0,True,99.99,99.99,False,Wall Decor,GuildMaster,EL TORO,"A el toro in a hand-painted finish made of paper, engineered wood",Hand painted,,,,,,,finish,1,IDN,A-9999999,,,,,,,,,,,,,Hand-Painted,,,,,,"Paper, Engineered Wood",,,,,,,,,,,,,,,,56,62,75,6,,,,,,,,,,,,,Traditional
161512,080-432316151-2,,2.0,58.0,72.0,True,99.99,99.99,False,Wall Decor,GuildMaster,LOS OVEJAS,A los ovejas in a hand-painted finish made of wood,Hand painted,,,,,,,finish,1,IDN,A-9999999,,,,,,,,,,,,,Hand-Painted,,,,,,Wood,,,,,,,,,,,,,,,,99,62,75,5,,,,,,,,,,,,,Traditional
161521,080-432301522-6,,2.0,30.0,30.0,True,99.99,99.99,False,Wall Decor,GuildMaster,Guest Cottage Signature White 30in  Wood and Metal Wall Decor with Handpainted Graphics,"A guest cottage signature white 30in  wood and metal wall decor with handpainted graphics in a hand-painted finish made of metal, wood",Perfect for a farmhouse-themed guest quarters.,Pair this one with potted Jasmine and a nice quiet reading corner.,,,,,,finish,1,IDN,A-9999999,,,,,,,,,,,,,Hand-Painted,,,,,,"Metal, Wood",,,,,,,,,,,,,,,,15,32,34,5,,,,,,,,,,,,,Traditional
162002,080-432316200-7,,2.0,36.0,54.0,True,99.99,99.99,False,Wall Decor,GuildMaster,GLOBAL GRAPHICS II,A global graphics ii in a hand-painted finish made of wood,Hand painted,,,,,,,finish,1,IDN,A-9999999,,,,,,,,,,,,,Hand-Painted,,,,,,Wood,,,,,,,,,,,,,,,,53,57,41,5,,,,,,,,,,,,,Transitional
162019,040-003000264-5,,2.0,36.0,36.0,True,99.99,99.99,False,Wall Decor,GuildMaster,CARAVAN I,A caravan i in a hand-painted finish made of wood,Hand painted,,,,,,,finish,1,IDN,A-9999999,,,,,,,,,,,,,Hand-Painted,,,,,,Wood,,,,,,,,,,,,,,,,27,38,39,5,,,,,,,,,,,,,Transitional
162027,080-432301523-0,,2.0,60.0,48.0,True,99.99,99.99,False,Wall Decor,GuildMaster,MIDNIGHT FOG,A midnight fog in a hand-painted finish made of canvas,Hand painted,,,,,,,finish,1,IDN,A-9999999,,,,,,,,,,,,,Hand-Painted,,,,,,Canvas,,,,,,,,,,,,,,,,29,51,63,5,,,,,,,,,,,,,Traditional
162029,080-432316202-1,,2.0,48.0,72.0,True,99.99,99.99,False,Wall Decor,GuildMaster,BEACHSCAPE,A beachscape in a hand-painted finish made of wood,Hand painted,,,,,,,finish,1,IDN,A-9999999,,,,,,,,,,,,,Hand-Painted,,,,,,Wood,,,,,,,,,,,,,,,,56,75,52,6,,,,,,,,,,,,,Traditional
162031,080-432362031-6,,2.0,54.0,36.0,True,99.99,99.99,False,Wall Decor,GuildMaster,GLOBAL GRAPHICS III,A global graphics iii in a hand-painted finish made of wood,Hand painted,,,,,,,finish,1,IDN,A-9999999,,,,,,,,,,,,,Hand-Painted,,,,,,Wood,,,,,,,,,,,,,,,,39,57,41,5,,,,,,,,,,,,,Transitional
162510,080-432362510-6,,2.0,24.0,50.0,True,99.99,99.99,False,Wall Decor,GuildMaster,Blue Heron,A blue heron in a hand-painted finish made of canvas,Hand painted,,,,,,,finish,1,IDN,A-9999999,,,,,,,,,,,,,Hand-Painted,,,,,,Canvas,,,,,,,,,,,,,,,,20,27,54,6,,,,,,,,,,,,,Traditional
162514,080-432301523-4,,2.0,30.0,48.0,True,99.99,99.99,False,Wall Decor,GuildMaster,RIVER BOAT,A river boat in a hand-painted finish made of canvas,Hand painted,,,,,,,finish,1,IDN,A-9999999,,,,,,,,,,,,,Hand-Painted,,,,,,Canvas,,,,,,,,,,,,,,,,23,53,6,33,,,,,,,,,,,,,Traditional
162530,080-432308725-6,,2.0,36.0,72.0,True,99.99,99.99,False,Wall Decor,GuildMaster,THE SEA HORSE,A the sea horse in a hand-painted finish made of wood,Hand painted,,,,,,,finish,1,IDN,A-9999999,,,,,,,,,,,,,Hand-Painted,,,,,,Wood,,,,,,,,,,,,,,,,51,75,41,6,,,,,,,,,,,,,Traditional
163044,080-432316305-9,,4.0,44.0,44.0,True,99.99,99.99,False,Wall Decor,GuildMaster,PINK ROSES STILL LIFE,"A pink roses still life in a hand-painted finish made of canvas, wood",,,,,,,,finish,1,IDN,A-9999999,,,,,,,,,,,,,Hand-Painted,,,,,,"Canvas, Wood",,,,,,,,,,,,,,,,36,46,49,6,,,,,,,,,,,,,Traditional
163049,080-432301523-7,,4.0,52.0,64.0,True,99.99,99.99,False,Wall Decor,GuildMaster,CLOUDS,A clouds in a hand-painted finish made of wood,,,,,,,,finish,1,IDN,A-9999999,,,,,,,,,,,,,Hand-Painted,,,,,,Wood,,,,,,,,,,,,,,,,73,56,67,7,,,,,,,,,,,,,Traditional
163512,080-432363512-9,,2.0,48.0,39.0,True,99.99,99.99,False,Wall Decor,GuildMaster,TROPICAL FISH STUDY,"A tropical fish study in a hand-painted finish made of canvas, mahogany",Hand painted,,,,,,,finish,1,IDN,A-9999999,,,,,,,,,,,,,Hand-Painted,,,,,,"Canvas, Mahogany",,,,,,,,,,,,,,,,39,52,44,5,,,,,,,,,,,,,Traditional
163525,080-432363525-9,,4.0,44.0,44.0,True,99.99,99.99,False,Wall Decor,GuildMaster,SHORELINE,"A shoreline in a hand-painted finish made of mahogany, canvas",Hand painted,,,,,,,finish,1,IDN,A-9999999,,,,,,,,,,,,,Hand-Painted,,,,,,"Mahogany, Canvas",,,,,,,,,,,,,,,,41,48,6,47,,,,,,,,,,,,,Traditional
164013,080-432364013-0,,2.0,48.0,60.0,True,99.99,99.99,False,Wall Decor,GuildMaster,CONIFER STUDY,A conifer study in a hand-painted finish made of wood,Hand painted,,,,,,,finish,1,IDN,A-9999999,,,,,,,,,,,,,Hand-Painted,,,,,,Wood,,,,,,,,,,,,,,,,51,64,51,6,,,,,,,,,,,,,Traditional
164043,080-432310308-6,,5.0,35.0,35.0,True,99.99,99.99,False,Wall Decor,GuildMaster,WINE COUNTRY BIKE RIDE,A wine country bike ride in a hand-painted finish made of wood,Hand painted,,,,,,,finish,1,IDN,A-9999999,,,,,,,,,,,,,Hand-Painted,,,,,,Wood,,,,,,,,,,,,,,,,23,48,47,6,,,,,,,,,,,,,Traditional
164502,080-432364502-9,,2.0,36.0,54.0,True,99.99,99.99,False,Wall Decor,GuildMaster,ANDY'S BOAT HOUSE,A andy's boat house in a hand-painted finish made of wood,Hand painted,,,,,,,finish,1,IDN,A-9999999,,,,,,,,,,,,,Hand-Painted,,,,,,Wood,,,,,,,,,,,,,,,,38,39,58,6,,,,,,,,,,,,,Traditional
164506,080-432364506-7,,2.0,30.0,42.0,True,99.99,99.99,False,Wall Decor,GuildMaster,BEACHED,"A beached in a hand-painted finish made of fabric, wood",Hand painted,,,,,,,finish,1,IDN,A-9999999,,,,,,,,,,,,,Hand-Painted,,,,,,"Fabric, Wood",,,,,,,,,,,,,,,,29,34,47,6,,,,,,,,,,,,,Traditional
164509,080-432364509-8,,2.0,32.0,32.0,True,99.99,99.99,False,Wall Decor,GuildMaster,BIKE RACK,"A bike rack in a hand-painted finish made of fabric, wood",Hand painted,,,,,,,finish,1,IDN,A-9999999,,,,,,,,,,,,,Hand-Painted,,,,,,"Fabric, Wood",,,,,,,,,,,,,,,,25,36,37,5,,,,,,,,,,,,,Traditional
164510,080-432364510-4,,2.0,30.0,40.0,True,99.99,99.99,False,Wall Decor,GuildMaster,HIGH TIDE,A high tide in a hand-painted finish made of wood,Hand painted,,,,,,,finish,1,IDN,A-9999999,,,,,,,,,,,,,Hand-Painted,,,,,,Wood,,,,,,,,,,,,,,,,27,34,47,6,,,,,,,,,,,,,Modern / Contemporary
164511,080-432364511-1,,2.0,36.0,56.0,True,99.99,99.99,False,Wall Decor,GuildMaster,NAUTICAL STARS,"A nautical stars in a hand-painted finish made of fabric, wood",Hand painted,,,,,,,finish,1,IDN,A-9999999,,,,,,,,,,,,,Hand-Painted,,,,,,"Fabric, Wood",,,,,,,,,,,,,,,,46,62,6,41,,,,,,,,,,,,,Traditional
164513,080-432364513-5,,2.0,36.0,48.0,True,99.99,99.99,False,Wall Decor,GuildMaster,BREAK OF DAWN,A break of dawn in a hand-painted finish made of wood,Hand painted,,,,,,,finish,1,IDN,A-9999999,,,,,,,,,,,,,Hand-Painted,,,,,,Wood,,,,,,,,,,,,,,,,29,40,43,5,,,,,,,,,,,,,Traditional
164523,080-432364523-4,,2.0,40.0,40.0,True,99.99,99.99,False,Wall Decor,GuildMaster,BEACH HOUSE,A beach house in a hand-painted finish made of mahogany,Hand painted,,,,,,,finish,1,IDN,A-9999999,,,,,,,,,,,,,Hand-Painted,,,,,,Mahogany,,,,,,,,,,,,,,,,31,44,43,5,,,,,,,,,,,,,Traditional
164525,080-432364525-8,,1.0,36.0,48.0,True,99.99,99.99,False,Wall Decor,GuildMaster,GO JUMP IN THE LAKE,"A go jump in the lake in a hand-painted finish made of metal, wood",Hand painted,,,,,,,finish,1,IDN,A-9999999,,,,,,,,,,,,,Hand-Painted,,,,,,"Metal, Wood",,,,,,,,,,,,,,,,33,52,38,4,,,,,,,,,,,,,Transitional
164526,080-432364526-5,,1.0,36.0,36.0,True,99.99,99.99,False,Wall Decor,GuildMaster,NEVER MISS AN OPPORTUNITY,"A never miss an opportunity in a hand-painted finish made of metal, wood",Hand painted,,,,,,,finish,1,IDN,A-9999999,,,,,,,,,,,,,Hand-Painted,,,,,,"Metal, Wood",,,,,,,,,,,,,,,,27,39,41,5,,,,,,,,,,,,,Traditional
164527,080-432364527-2,,2.0,36.0,46.0,True,99.99,99.99,False,Wall Decor,GuildMaster,ALWAYS,A always in a hand-painted finish made of wood,Hand painted,,,,,,,finish,1,IDN,A-9999999,,,,,,,,,,,,,Hand-Painted,,,,,,Wood,,,,,,,,,,,,,,,,33,49,6,39,,,,,,,,,,,,,Traditional
164528,080-432364528-9,,2.0,60.0,60.0,True,99.99,99.99,False,Wall Decor,GuildMaster,FOREST,A forest in a hand-painted finish made of wood,Hand painted,,,,,,,finish,1,IDN,A-9999999,,,,,,,,,,,,,Hand-Painted,,,,,,Wood,,,,,,,,,,,,,,,,47,63,63,6,,,,,,,,,,,,,Traditional
164531,080-432364531-9,,2.0,36.0,36.0,True,99.99,99.99,False,Wall Decor,GuildMaster,TURTLES,A turtles in a hand-painted finish made of metal,Hand painted,,,,,,,finish,1,IDN,A-9999999,,,,,,,,,,,,,Hand-Painted,,,,,,Metal,,,,,,,,,,,,,,,,31,39,40,6,,,,,,,,,,,,,Traditional
164537,080-432364537-1,,1.0,19.0,41.0,True,99.99,99.99,False,Wall Decor,GuildMaster,SEAGULL,"A seagull in a hand-painted finish made of fabric, wood",Hand painted,,,,,,,finish,1,IDN,A-9999999,,,,,,,,,,,,,Hand-Painted,,,,,,"Fabric, Wood",,,,,,,,,,,,,,,,22,22,45,7,,,,,,,,,,,,,Traditional
165025,080-434319092-9,,2.0,61.5,61.5,True,99.99,99.99,False,Wall Decor,GuildMaster,Lake House,A lake house in a hand-painted finish made of canvas,,,,,,,,finish,1,IDN,A-9999999,,,,,,,,,,,,,Hand-Painted,,,,,,Canvas,,,,,,,,,,,,,,,,29,64,64,5,,,,,,,,,,,,,Modern / Contemporary
165026,080-434319093-6,,2.0,61.5,61.5,True,99.99,99.99,False,Wall Decor,GuildMaster,Country Lane,A country lane in a hand-painted finish made of canvas,,,,,,,,finish,1,IDN,A-9999999,,,,,,,,,,,,,Hand-Painted,,,,,,Canvas,,,,,,,,,,,,,,,,95,65,5,64,,,,,,,,,,,,,Traditional
165027,080-434319094-3,,2.0,44.0,44.0,True,99.99,99.99,False,Wall Decor,GuildMaster,Bicycle,A bicycle in a hand-painted finish made of canvas,,,,,,,,finish,1,IDN,A-9999999,,,,,,,,,,,,,Hand-Painted,,,,,,Canvas,,,,,,,,,,,,,,,,27,49,48,5,,,,,,,,,,,,,Traditional
165034,080-434319101-8,,2.0,37.0,37.5,True,99.99,99.99,False,Wall Decor,GuildMaster,Eiffel Tower,"A eiffel tower in a hand-painted finish made of solid mahogany, recycled paper, glass",,,,,,,,finish,1,IDN,A-9999999,,,,,,,,,,,,,Hand-Painted,,,,,,"Solid Mahogany, Recycled Paper, Glass",,,,,,,,,,,,,,,,36,39,41,6,,,,,,,,,,,,,Traditional
165035,080-434319102-5,,2.0,31.0,49.0,True,99.99,99.99,False,Wall Decor,GuildMaster,Olive Tree,"A olive tree in a hand-painted finish made of solid mahogany, recycled paper, glass",,,,,,,,finish,1,IDN,A-9999999,,,,,,,,,,,,,Hand-Painted,,,,,,"Solid Mahogany, Recycled Paper, Glass",,,,,,,,,,,,,,,,40,35,54,6,,,,,,,,,,,,,Traditional
165036,080-434319104-9,,2.0,31.0,49.0,True,99.99,99.99,False,Wall Decor,GuildMaster,The Manual Alphabet,"A the manual alphabet in a hand-painted finish made of solid mahogany, recycled paper, glass",,,,,,,,finish,1,IDN,A-9999999,,,,,,,,,,,,,Hand-Painted,,,,,,"Solid Mahogany, Recycled Paper, Glass",,,,,,,,,,,,,,,,51,53,7,35,,,,,,,,,,,,,Traditional
167521,080-432301524-1,,1.0,36.0,36.0,True,99.99,99.99,False,Wall Decor,GuildMaster,WOODEN CATHEDRAL ARTIFACT,A wooden cathedral artifact in a hand-painted finish made of mahogany,"Original design, featuring delightfully hand-carved scrollwork.","Handcrafted from solid mahogany,",Charming Rustic White color story.,,,,,finish,1,IDN,A-9999999,,,,,,,,,,,,,Hand-Painted,,,,,,Mahogany,,,,,,,,,,,,,,,,19,40,41,6,,,,,,,,,,,,,Transitional
169554,080-432320142-3,,2.0,60.0,60.0,True,99.99,99.99,False,Wall Decor,GuildMaster,REFLECTIONS,A reflections in a hand-painted finish made of canvas,Hand painted,,,,,,,finish,1,IDN,A-9999999,,,,,,,,,,,,,Hand-Painted,,,,,,Canvas,,,,,,,,,,,,,,,,47,63,63,5,,,,,,,,,,,,,Transitional
173025,081-800801197-9,,,,15.0,True,99.99,99.99,False,Decorative Accessory,Dimond Home,Gold Metallic Faux Pony Coal Bucket,A gold metallic faux pony coal bucket in a multicolor finish made of ,,,,,,,,finish,,IDN,A-9999999,,,,,,,,,,,,,Multicolor,,,,,,,,,,,,,,,,,,,,,,,,,,,,,,,,,,,,,,
173027,081-800801199-3,1.0,20.0,20.0,4.0,True,99.99,99.99,False,Decorative Accessory,Dimond Home,Fallow Faux Pony Tray,A fallow faux pony tray in a natural tan finish made of faux leather,Brass Nail Heads,Handcrafted,,,,,,finish,1,IND,A-9999999,,,,,,,,,,,,,Natural Tan,,,,,,Faux Leather,,,,,,,,,,,,,,,,3,21,21,4,,,,,,,,,,,,,
173028,081-800801200-6,1.0,20.0,20.0,4.0,True,99.99,99.99,False,Decorative Accessory,Dimond Home,Holstein Faux Pony Tray,"A holstein faux pony tray in a cream, dark brown finish made of faux leather",Handcrafted,,,,,,,finish,1,IND,A-9999999,,,,,,,,,,,,,"Cream, Dark Brown",,,,,,Faux Leather,,,,,,,,,,,,,,,,7,22,5,22,,,,,,,,,,,,,Transitional
173031,081-800801303-4,1.0,7.0,0.3,9.0,True,99.99,99.99,False,Decorative Accessory,Dimond Home,Fallow Faux Pony 4x6 Frame,A fallow faux pony 4x6 frame in a tan finish made of cowhide,Handcrafted,,,,,,,finish,1,IND,A-9999999,,,,,,,,,,,,,Tan,,,,,,Cowhide,,,,,,,,,,,,,,,,3,10,12,2,,,,,,,,,,,,,Transitional
173032,081-800801304-1,1.0,8.0,0.3,10.0,True,99.99,99.99,False,Decorative Accessory,Dimond Home,Fallow Faux Pony 5x7 Frame,A fallow faux pony 5x7 frame in a tan finish made of cowhide,Handcrafted,,,,,,,finish,1,IND,A-9999999,,,,,,,,,,,,,Tan,,,,,,Cowhide,,,,,,,,,,,,,,,,2,10,12,2,,,,,,,,,,,,,Transitional
173033,081-800801305-8,1.0,7.0,0.3,9.0,True,99.99,99.99,False,Decorative Accessory,Dimond Home,Holstein Faux Pony Frame 4-inch x 6-inch,"A holstein faux pony frame 4-inch x 6-inch in a black, cream finish made of cowhide",Handcrafted,,,,,,,finish,1,IND,A-9999999,,,,,,,,,,,,,"Black, Cream",,,,,,Cowhide,,,,,,,,,,,,,,,,3,10,12,2,,,,,,,,,,,,,Transitional
173034,081-800801306-5,1.0,8.0,0.3,10.0,True,99.99,99.99,False,Decorative Accessory,Dimond Home,Holstein Faux Pony Frame 5-inch x 7-inch,"A holstein faux pony frame 5-inch x 7-inch in a black, cream finish made of cowhide",Handcrafted,,,,,,,finish,1,IND,A-9999999,,,,,,,,,,,,,"Black, Cream",,,,,,Cowhide,,,,,,,,,,,,,,,,2,10,12,2,,,,,,,,,,,,,
179003,081-800801208-2,2.0,6.0,6.0,18.0,True,99.99,99.99,False,Decorative Accessory,Dimond Home,Silver Bugle Candleholder - sm,A silver bugle candleholder - sm in a silver finish made of nickel-plated aluminum,Handcrafted,,,,,,,finish,1,IND,A-9999999,,,,,,,,,,,,,Silver,,,,,,Nickel-Plated Aluminum,,,,,,,,,,,,,,,,3,20,8,8,,,,,,,,,,,,,Transitional
179005,081-800801210-5,1.0,4.0,4.0,15.0,True,99.99,99.99,False,Decorative Accessory,Dimond Home,Silver Bamboo Candleholder - sm,A silver bamboo candleholder - sm in a silver finish made of nickel-plated aluminum,,,,,,,,finish,1,IND,A-9999999,,,,,,,,,,,,,Silver,,,,,,Nickel-Plated Aluminum,,,,,,,,,,,,,,,,2,5,16,5,,,,,,,,,,,,,Transitional
179006,081-800801211-2,1.0,4.0,4.0,20.0,True,99.99,99.99,False,Decorative Accessory,Dimond Home,Silver Bamboo Candleholder - lg,A silver bamboo candleholder - lg in a silver finish made of nickel-plated aluminum,,,,,,,,finish,1,IND,A-9999999,,,,,,,,,,,,,Silver,,,,,,Nickel-Plated Aluminum,,,,,,,,,,,,,,,,2,22,5,5,,,,,,,,,,,,,Transitional
179008,081-800801213-6,1.0,4.0,4.0,20.0,True,99.99,99.99,False,Decorative Accessory,Dimond Home,Gunmetal Bamboo Candleholder - lg,A gunmetal bamboo candleholder - lg in a grey finish made of nickel-plated aluminum,,,,,,,,finish,1,IND,A-9999999,,,,,,,,,,,,,Grey,,,,,,Nickel-Plated Aluminum,,,,,,,,,,,,,,,,2,22,5,5,,,,,,,,,,,,,
179010,081-800801215-0,2.0,7.0,4.0,18.0,True,99.99,99.99,False,Decorative Accessory,Dimond Home,Gunmetal Hoop Candleholder,A gunmetal hoop candleholder in a grey finish made of nickel-plated aluminum,,,,,,,,finish,1,IND,A-9999999,,,,,,,,,,,,,Grey,,,,,,Nickel-Plated Aluminum,,,,,,,,,,,,,,,,4,21,9,6,,,,,,,,,,,,,Transitional
179011,081-800801216-7,1.0,6.0,0.3,8.0,True,99.99,99.99,False,Decorative Accessory,Dimond Home,Silver Cement Frame,A silver cement frame in a silver finish made of nickel-plated aluminum,,,,,,,,finish,1,IND,A-9999999,,,,,,,,,,,,,Silver,,,,,,Nickel-Plated Aluminum,,,,,,,,,,,,,,,,3,13,2,11,,,,,,,,,,,,,Transitional
179012,081-800801217-4,1.0,7.0,0.3,9.0,True,99.99,99.99,False,Decorative Accessory,Dimond Home,Silver Cement Frame,A silver cement frame in a silver finish made of nickel-plated aluminum,,,,,,,,finish,1,IND,A-9999999,,,,,,,,,,,,,Silver,,,,,,Nickel-Plated Aluminum,,,,,,,,,,,,,,,,3,12,11,2,,,,,,,,,,,,,Transitional
179014,081-800801219-8,4.0,21.0,21.0,4.0,True,99.99,99.99,False,Decorative Accessory,Dimond Home,Gunmetal Cement Bowl,A gunmetal cement bowl in a grey finish made of nickel-plated aluminum,Decorative Use Only,,,,,,,finish,1,IND,A-9999999,,,,,,,,,,,,,Grey,,,,,,Nickel-Plated Aluminum,,,,,,,,,,,,,,,,8,21,4,21,,,,,,,,,,,,,Transitional
201526,080-432300958-6,,12.5,15.0,16.0,True,99.99,99.99,False,Decorative Accessory,GuildMaster,WINE COUNTRY URN III,A wine country urn iii in a hand-painted finish made of terracotta,Hand painted,,,,,,,finish,1,IDN,A-9999999,,,,,,,,,,,,,Hand-Painted,,,,,,Terracotta,,,,,,,,,,,,,,,,62,22,23,19,,,,,,,,,,,,,Traditional
201531,080-432320153-9,,12.0,12.0,20.0,True,99.99,99.99,False,Decorative Accessory,GuildMaster,WINE COUNTRY URN II,A wine country urn ii in a hand-painted finish made of terracotta,Hand painted,,,,,,,finish,1,IDN,A-9999999,,,,,,,,,,,,,Hand-Painted,,,,,,Terracotta,,,,,,,,,,,,,,,,53,17,27,17,,,,,,,,,,,,,
202519,080-432320251-2,,13.0,13.0,14.5,True,99.99,99.99,False,Decorative Accessory,GuildMaster,TERRA COTTA VASE,A terra cotta vase in a hand-painted finish made of terracotta,Hand painted,,,,,,,finish,1,IDN,A-9999999,,,,,,,,,,,,,Hand-Painted,,,,,,Terracotta,,,,,,,,,,,,,,,,53,18,20,18,,,,,,,,,,,,,Traditional
202520,080-432320252-9,,11.0,11.0,21.0,True,99.99,99.99,False,Decorative Accessory,GuildMaster,TERRA COTTA VASE,A terra cotta vase in a hand-painted finish made of terracotta,Hand painted,,,,,,,finish,1,IDN,A-9999999,,,,,,,,,,,,,Hand-Painted,,,,,,Terracotta,,,,,,,,,,,,,,,,45,26,16,16,,,,,,,,,,,,,Traditional
203504,080-432303504-2,,11.0,11.0,22.0,True,99.99,99.99,False,Decorative Accessory,GuildMaster,TERRA COTTA OVAL VASE,A terra cotta oval vase in a hand-painted finish made of terracotta,Hand painted,,,,,,,finish,1,IDN,A-9999999,,,,,,,,,,,,,Hand-Painted,,,,,,Terracotta,,,,,,,,,,,,,,,,31,28,16,16,,,,,,,,,,,,,Traditional
203505,080-432303505-9,,7.0,9.0,12.5,True,99.99,99.99,False,Decorative Accessory,GuildMaster,TERRA COTTA ELLIPSE VASE,A terra cotta ellipse vase in a hand-painted finish made of terracotta,Hand painted,,,,,,,finish,1,IDN,A-9999999,,,,,,,,,,,,,Hand-Painted,,,,,,Terracotta,,,,,,,,,,,,,,,,26,14,20,10,,,,,,,,,,,,,Traditional
203506,080-434318982-4,,10.0,10.0,28.5,True,99.99,99.99,False,Decorative Accessory,GuildMaster,TERRA COTTA TALL JAR,A terra cotta tall jar in a hand-painted finish made of terracotta,Hand painted,,,,,,,finish,1,IDN,A-9999999,,,,,,,,,,,,,Hand-Painted,,,,,,Terracotta,,,,,,,,,,,,,,,,6,14,34,14,,,,,,,,,,,,,Traditional
204012,080-432304012-1,,8.0,8.0,19.5,True,99.99,99.99,False,Decorative Accessory,GuildMaster,EUROPEAN DAMASK VASE,A european damask vase in a hand-painted finish made of terracotta,Hand painted,,,,,,,finish,1,IDN,A-9999999,,,,,,,,,,,,,Hand-Painted,,,,,,Terracotta,,,,,,,,,,,,,,,,31,26,15,15,,,,,,,,,,,,,Traditional
225019,087-582300857-7,2.0,7.0,7.0,25.0,True,99.99,99.99,False,Decorative Accessory,Dimond Home,Weathered Resin Buck Antlers Set/2,A weathered resin buck antlers set/2 in a cream finish made of resin,Handcrafted,,,,,,,finish,1,CHN,A-9999999,,,,,,,,,,,,,Cream,,,,,,Resin,,,,,,,,,,,,,,,,7,31,14,21,,,,,,,,,,,,,Transitional
225020,087-582300858-4,3.0,35.0,2.0,2.0,True,99.99,99.99,False,Decorative Accessory,Dimond Home,Blonde Curved Kudu Horn,A blonde curved kudu horn in a brown finish made of resin,Handcrafted,,,,,,,finish,1,CHN,A-9999999,,,,,,,,,,,,,Brown,,,,,,Resin,,,,,,,,,,,,,,,,6,9,39,9,,,,,,,,,,,,,Transitional
225025,087-582300352-7,3.0,34.0,15.0,1.0,True,99.99,99.99,False,Decorative Accessory,Dimond Home,Weathered Resin Elk Antler,A weathered resin elk antler in a cream finish made of resin,Handcrafted,,,,,,,finish,1,CHN,A-9999999,,,,,,,,,,,,,Cream,,,,,,Resin,,,,,,,,,,,,,,,,5,16,35,16,,,,,,,,,,,,,Transitional
225026,087-582300353-4,8.0,15.0,5.0,40.0,True,99.99,99.99,False,Wall Decor,Dimond Home,Gazelle Horns Ecru Wood Plaque,A gazelle horns ecru wood plaque in a cream finish made of resin,Handcrafted,,,,,,,finish,1,CHN,A-9999999,,,,,,,,,,,,,Cream,,,,,,Resin,,,,,,,,,,,,,,,,12,42,8,18,,,,,,,,,,,,,Transitional
225027,087-582300354-1,8.0,15.0,5.0,40.0,True,99.99,99.99,False,Wall Decor,Dimond Home,Gazelle Horns Dark Wood Plaque,A gazelle horns dark wood plaque in a brown finish made of resin,Handcrafted,,,,,,,finish,1,CHN,A-9999999,,,,,,,,,,,,,Brown,,,,,,Resin,,,,,,,,,,,,,,,,12,43,13,18,,,,,,,,,,,,,Transitional
225028,087-582300355-8,22.0,17.0,17.0,24.0,True,99.99,99.99,False,Furniture,Dimond Home,Metal Strap Table with Glass Top,"A metal strap table with glass top in a silver finish made of glass, metal",Beveled Glass Top,Handcrafted,,,,,,finish,1,IDN,A-9999999,,,,,,,,,,,,,Silver,,,,,,"Glass, Metal",,,,,,,,,,,,,,,,26,20,33,20,,,,,,,,,,,,,
225029,087-582300356-5,15.0,18.0,18.0,24.0,True,99.99,99.99,False,Furniture,Dimond Home,Nickel Dot Wire Table w/ Mirror,"A nickel dot wire table w/ mirror in a silver finish made of glass, metal",Aged Mirror Top,Handcrafted,,,,,,finish,1,IDN,A-9999999,,,,,,,,,,,,,Silver,,,,,,"Glass, Metal",,,,,,,,,,,,,,,,19,23,29,23,,,,,,,,,,,,,
225031,087-582300069-4,8.0,6.0,6.0,10.0,True,99.99,99.99,False,Indoor Lighting,Dimond Home,Wire Five Pendant Lamp,A wire five pendant lamp in a brown finish made of iron,Adjustable Cord Length-Max 36-inch,,,,,,,finish,1,CHN,A-9999999,,,,,Yes,Filament,,36,,,,,Brown,,,No,,,Iron,,,,,,,,Brown Metal Wire Cage Shades,,Hardwired,,,40,,,11,24,24,24,,,,,,,,,,,,,Transitional
225032,087-582300080-9,2.0,6.0,6.0,10.0,True,99.99,99.99,False,Indoor Lighting,Dimond Home,Wire Barrel Pendant Light,A wire barrel pendant light in a brown finish made of iron,Adjustable Cord Length- Max 48-inch,,,,,,,finish,1,CHN,A-9999999,,,,,Yes,Filament,,48,,,,,Brown,,,No,,,Iron,,,,,,,,Brown Metal Wire Cage Shades,,Hardwired,,,40,,,4,12,8,8,,,,,,,,,,,,,Transitional
225033,087-582300079-3,3.0,6.0,6.0,12.0,True,99.99,99.99,False,Indoor Lighting,Dimond Home,Wire Rose Pendant Light,A wire rose pendant light in a brown finish made of iron,Adjustable Cord Length- Max 48-inch,,,,,,,finish,1,CHN,A-9999999,,,,,Yes,Filament,,48,,,,,Brown,,,No,,,Iron,,,,,,,,Brown Metal Wire Cage Shades,,Hardwired,,,40,,,5,14,8,8,,,,,,,,,,,,,Transitional
225039,081-800801070-5,2.0,6.0,6.0,10.0,True,99.99,99.99,False,Indoor Lighting,Dimond Home,Silver Wire Five Pendant Lamp,A silver wire five pendant lamp in a silver finish made of iron,10-inch Canopy,Adjustable Cord - Max 36-inch,,,,,,finish,1,CHN,A-9999999,,,,,Yes,Filament,,,,,,,Silver,,,No,,,Iron,,,,,,,,Nickel-Plated Iron Wire Cage Shade in Silver,,,,,40,,,12,24,24,24,,,,,,,,,,,,,Transitional
225040,081-800801071-2,3.0,6.0,6.0,10.0,True,99.99,99.99,False,Indoor Lighting,Dimond Home,Silver Wire Barrel Pendant Light,A silver wire barrel pendant light in a silver finish made of iron,6-inch Canopy,Adjustable Cord - Max 48-inch,,,,,,finish,1,CHN,A-9999999,,,,,Yes,Filament,,,,,,,Silver,,,No,,,Iron,,,,,,,,Nickel-Plated Iron Wire Cage Shade in Silver,,,,,40,,,5,12,8,8,,,,,,,,,,,,,Transitional
225041,081-800801072-9,3.0,6.0,6.0,12.0,True,99.99,99.99,False,Indoor Lighting,Dimond Home,Silver Wire Rose Pendant Light,A silver wire rose pendant light in a silver finish made of iron,6-inch Canopy,Adjustable Cord - Max 48-inch,,,,,,finish,1,CHN,A-9999999,,,,,Yes,Filament,,,,,,,Silver,,,No,,,Iron,,,,,,,,Nickel-Plated Iron Wire Cage Shade in Silver,,,,,40,,,5,14,8,8,,,,,,,,,,,,,Transitional
225059,081-800801353-9,3.0,4.0,4.0,14.0,True,99.99,99.99,False,Indoor Lighting,Dimond Home,Cholla Ceramic Hanging Pendant Lamp,"A cholla ceramic hanging pendant lamp in a nickel, off-white finish made of ceramic, metal",Adjustable Cord - Max 40-inch,,,,,,,finish,1,CHN,A-9999999,,,,,Yes,12-Inch Tubular,,40,,,,,"Nickel, Off-White",,,No,,,"Ceramic, Metal",,,,,,,,Openwork Ceramic Cylinder Shade in White,,,,,60,,,5,6,16,6,,,,,,,,,,,,,Modern / Contemporary
225064,081-800801358-4,2.0,7.0,7.0,9.0,True,99.99,99.99,False,Indoor Lighting,Dimond Home,Inline 5 Wire Ball Hanging Lamp,A inline 5 wire ball hanging lamp in a black finish made of iron,Adjustable Cord - Max 54-inch,,,,,,,finish,1,CHN,A-9999999,,,,,Yes,Filament,,54,,,,,Black,,,No,,,Iron,,,,,,,,Brown Iron Wire Cage Shades,,,,,40,,,15,30,30,15,,,,,,,,,,,,,Transitional
225073,081-800801632-5,1.0,7.0,0.3,9.0,True,99.99,99.99,False,Decorative Accessory,Dimond Home,Hand Carved Ornate Frame - 5 x 7,A hand carved ornate frame - 5 x 7 in a silver finish made of polyurethane,Handcrafted,,,,,,,finish,1,CHN,A-9999999,,,,,,,,,,,,,Silver,,,,,,Polyurethane,,,,,,,,,,,,,,,,2,12,12,2,,,,,,,,,,,,,Transitional
225076,081-800801635-6,1.0,8.0,0.3,10.0,True,99.99,99.99,False,Decorative Accessory,Dimond Home,Silver Step Frame - 4 x 6,A silver step frame - 4 x 6 in a silver finish made of polyurethane,Handcrafted,,,,,,,finish,1,CHN,A-9999999,,,,,,,,,,,,,Silver,,,,,,Polyurethane,,,,,,,,,,,,,,,,2,14,11,2,,,,,,,,,,,,,Modern / Contemporary
225089,081-800801648-6,8.0,16.0,16.0,26.0,True,99.99,99.99,False,Indoor Lighting,Dimond Home,White Coral and Crystal Table Lamp with Off-white Suede Shade,"A white coral and crystal table lamp with off-white suede shade in a white finish made of crystal, glass, resin",8-inch Harp,Base - 12 X 12,,,,,,finish,1,CHN,A-9999999,,,,,No,A21 3-Way,White,66,,,,,White,,,No,,,"Crystal, Glass, Resin",,,,,,,,Off-White Suede Shade,,3-Way,,,100,,,11,20,18,18,,,,,,,,,,,,,Transitional
225091,081-800801650-9,8.0,13.0,13.0,31.0,True,99.99,99.99,False,Indoor Lighting,Dimond Home,White Resin Horn Lamp,"A white resin horn lamp in a white finish made of crystal, resin, glass",12-inch Harp,Base - 13 X 13 X 22,,,,,,finish,1,CHN,A-9999999,,,,,No,A21 3-Way,,66,,,,,White,,,,,,"Crystal, Resin, Glass",,,,,,,,White Linen Shade,,3-Way,,,100,,,11,28,25,20,,,,,,,,,,,,,Transitional
225092,081-800801651-6,8.0,13.0,13.0,31.0,True,99.99,99.99,False,Indoor Lighting,Dimond Home,Natural Resin Horn Lamp,"A natural resin horn lamp in a brown finish made of crystal, resin, glass",12-inch Harp,Base - 13 X 13 X 22,,,,,,finish,1,CHN,A-9999999,,,,,No,A21 3-Way,,66,,,,,Brown,,,,,,"Crystal, Resin, Glass",,,,,,,,Natural Tan Shade,,3-Way,,,100,,,11,25,15,15,,,,,,,,,,,,,Transitional
228002,081-800801414-7,10.0,17.0,5.0,10.0,True,99.99,99.99,False,Decorative Accessory,Dimond Home,Gilded Age Greyhound,A gilded age greyhound in a silver finish made of resin,Handcrafted,,,,,,,finish,1,CHN,A-9999999,,,,,,,,,,,,,Silver,,,,,,Resin,,,,,,,,,,,,,,,,12,12,18,12,,,,,,,,,,,,,Transitional
228003,081-800801415-4,12.0,22.0,8.0,25.0,True,99.99,99.99,False,Decorative Accessory,Dimond Home,Gilded Age Horse Head,A gilded age horse head in a distressed silver finish made of resin,Handcrafted,,,,,,,finish,1,CHN,A-9999999,,,,,,,,,,,,,Distressed Silver,,,,,,Resin,,,,,,,,,,,,,,,,15,25,25,10,,,,,,,,,,,,,Transitional
252509,080-432325250-0,,11.0,11.0,24.0,True,99.99,99.99,False,Decorative Accessory,GuildMaster,ACANTHUS LEAVES FINIAL,"A acanthus leaves finial in a waterfront white finish made of ceramic, clay",Hand painted,,,,,,,finish,1,IDN,A-9999999,,,,,,,,,,,,,Waterfront White,,,,,,"Ceramic, Clay",,,,,,,,,,,,,,,,36,15,30,15,,,,,,,,,,,,,Traditional
259068,080-432325906-6,,7.0,7.0,12.0,True,99.99,99.99,False,Decorative Accessory,GuildMaster,THE POOR BOX,A the poor box in a heritage grey stain finish made of mahogany,Hand painted,,,,,,,finish,1,IDN,A-9999999,,,,,,,,,,,,,Heritage Grey Stain,,,,,,Mahogany,,,,,,,,,,,,,,,,7,10,15,10,,,,,,,,,,,,,Transitional
284022,087-582300755-6,1.1,7.0,6.0,5.0,True,99.99,99.99,False,Decorative Accessory,Dimond Home,S/3 Nested Faux Pony Boxes,"A s/3 nested faux pony boxes in a brown finish made of cow hair leather, faux leather",Handcrafted,,,,,,,finish,1,IND,A-9999999,,,,,,,,,,,,,Brown,,,,,,"Cow Hair Leather, Faux Leather",,,,,,,,,,,,,,,,7,12,9,10,,,,,,,,,,,,,Transitional
284026,087-582300979-6,1.0,6.0,0.3,8.0,True,99.99,99.99,False,Decorative Accessory,Dimond Home,Faux Pony Frame 4x6,A faux pony frame 4x6 in a grey finish made of faux leather,Handcrafted,,,,,,,finish,1,IND,A-9999999,,,,,,,,,,,,,Grey,,,,,,Faux Leather,,,,,,,,,,,,,,,,2,10,11,2,,,,,,,,,,,,,Transitional
284054,087-582300817-1,1.0,7.0,6.0,5.0,True,99.99,99.99,False,Decorative Accessory,Dimond Home,S/3 Nested Chestnut Faux Pony Boxes,"A s/3 nested chestnut faux pony boxes in a brown finish made of cow hair leather, faux leather",Handcrafted,,,,,,,finish,1,IND,A-9999999,,,,,,,,,,,,,Brown,,,,,,"Cow Hair Leather, Faux Leather",,,,,,,,,,,,,,,,5,10,11,9,,,,,,,,,,,,,Transitional
285001,087-582300668-9,0.2,2.5,2.5,5.0,True,99.99,99.99,False,Indoor Lighting,Dimond Home,Edison Style 40 Watt Exposed Filament Bulb,"A edison style 40 watt exposed filament bulb in a clear, gold finish made of glass, metal",,,,,,,,finish,1,CHN,A-9999999,,,,,,,,,,,,,"Clear, Gold",,,,,,"Glass, Metal",,,,,,,,,,,,,,,,1,6,4,4,,,,,,,,,,,,,Transitional
285002,087-582300588-0,0.2,1.0,1.0,12.0,True,99.99,99.99,False,Indoor Lighting,Dimond Home,Showcase 40 Watt Clear Tubular Bulb,"A showcase 40 watt clear tubular bulb in a clear, gold finish made of glass, metal",,,,,,,,finish,1,CHN,A-9999999,,,,,,,,,,,,,"Clear, Gold",,,,,,"Glass, Metal",,,,,,,,,,,,,,,,1,16,3,3,,,,,,,,,,,,,Transitional
298001,080-432320045-7,,18.0,18.0,1.0,True,99.99,99.99,False,Decorative Accessory,GuildMaster,TIC TAC TOE GAME BOARD,"A tic tac toe game board in a retreat stain finish made of aluminum, mahogany",Hand painted,,,,,,,finish,1,IDN,A-9999999,,,,,,,,,,,,,Retreat Stain,,,,,,"Aluminum, Mahogany",,,,,,,,,,,,,,,,9,22,22,6,,,,,,,,,,,,,Transitional
301507,080-432330150-5,,8.8,8.8,28.0,True,99.99,99.99,False,Decorative Accessory,GuildMaster,LAKE SIDE CANDLE STAND,A lake side candle stand in a waterfront grey finish made of mahogany,Hand painted,,,,,,,finish,1,IDN,A-9999999,,,,,,,,,,,,,Waterfront Grey,,,,,,Mahogany,,,,,,,,,,,,,,,,16,11,32,11,,,,,,,,,,,,,Traditional
307507,080-432320047-1,,8.0,8.0,21.0,True,99.99,99.99,False,Decorative Accessory,GuildMaster,CARVED CANDLE STAND,A carved candle stand in a crossroads rosa finish made of wood,,,,,,,,finish,1,IDN,A-9999999,,,,,,,,,,,,,Crossroads Rosa,,,,,,Wood,,,,,,,,,,,,,,,,10,11,34,11,,,,,,,,,,,,,Traditional
329001,087-582300001-4,1.0,5.0,5.0,11.0,True,99.99,99.99,False,Decorative Accessory,Dimond Home,Crystal Rod Candleholder - Small,A crystal rod candleholder - small in a clear finish made of glass,Handcrafted,,,,,,,finish,1,CHN,A-9999999,,,,,,,,,,,,,Clear,,,,,,Glass,,,,,,,,,,,,,,,,3,13,7,7,,,,,,,,,,,,,Transitional
329002,087-582300009-0,2.0,5.0,5.0,16.0,True,99.99,99.99,False,Decorative Accessory,Dimond Home,Crystal Rod Candleholder - Large,A crystal rod candleholder - large in a clear finish made of glass,Handcrafted,,,,,,,finish,1,CHN,A-9999999,,,,,,,,,,,,,Clear,,,,,,Glass,,,,,,,,,,,,,,,,4,18,7,7,,,,,,,,,,,,,Transitional
329013,087-582300407-4,1.0,6.0,0.4,8.0,True,99.99,99.99,False,Decorative Accessory,Dimond Home,Marlina Crystal Frame 4x6,A marlina crystal frame 4x6 in a clear finish made of crystal,Handcrafted,,,,,,,finish,1,CHN,A-9999999,,,,,,,,,,,,,Clear,,,,,,Crystal,,,,,,,,,,,,,,,,6,18,6,12,,,,,,,,,,,,,Transitional
329014,087-582300408-1,1.0,7.0,0.4,9.0,True,99.99,99.99,False,Decorative Accessory,Dimond Home,Marlina Crystal Frame 5x7,A marlina crystal frame 5x7 in a clear finish made of crystal,Handcrafted,,,,,,,finish,1,CHN,A-9999999,,,,,,,,,,,,,Clear,,,,,,Crystal,,,,,,,,,,,,,,,,2,11,11,2,,,,,,,,,,,,,
329017,087-582300489-0,1.0,6.0,0.4,8.0,True,99.99,99.99,False,Decorative Accessory,Dimond Home,Dolly Crystal Frame,A dolly crystal frame in a clear finish made of crystal,Handcrafted,,,,,,,finish,1,CHN,A-9999999,,,,,,,,,,,,,Clear,,,,,,Crystal,,,,,,,,,,,,,,,,7,18,6,12,,,,,,,,,,,,,Transitional
329018,087-582300490-6,3.0,6.0,6.0,32.0,True,99.99,99.99,False,Decorative Accessory,Dimond Home,Harlow Crystal Candleholder - Large,A harlow crystal candleholder - large in a clear finish made of crystal,Handcrafted,,,,,,,finish,1,CHN,A-9999999,,,,,,,,,,,,,Clear,,,,,,Crystal,,,,,,,,,,,,,,,,13,36,9,9,,,,,,,,,,,,,Transitional
329019,087-582300669-6,2.0,5.0,5.0,20.0,True,99.99,99.99,False,Decorative Accessory,Dimond Home,Harlow Crystal Candleholder - Small,A harlow crystal candleholder - small in a clear finish made of crystal,Handcrafted,,,,,,,finish,1,CHN,A-9999999,,,,,,,,,,,,,Clear,,,,,,Crystal,,,,,,,,,,,,,,,,9,23,8,8,,,,,,,,,,,,,Transitional
329023,087-582300887-4,1.0,5.0,5.0,5.0,True,99.99,99.99,False,Decorative Accessory,Dimond Home,Crystal Sphere Bookends 2pc Set,A crystal sphere bookends 2pc set in a clear finish made of crystal,Can Also Be Used As A Votive,Handcrafted,,,,,,finish,1,CHN,A-9999999,,,,,,,,,,,,,Clear,,,,,,Crystal,,,,,,,,,,,,,,,,9,12,8,10,,,,,,,,,,,,,Modern / Contemporary
329024,087-582300215-5,1.0,3.0,3.0,4.0,True,99.99,99.99,False,Decorative Accessory,Dimond Home,Square Crystal Collar Votive Small,A square crystal collar votive small in a clear finish made of crystal,,,,,,,,finish,1,CHN,A-9999999,,,,,,,,,,,,,Clear,,,,,,Crystal,,,,,,,,,,,,,,,,2,8,6,6,,,,,,,,,,,,,Modern / Contemporary
329025,087-582300217-9,1.0,3.0,3.0,6.0,True,99.99,99.99,False,Decorative Accessory,Dimond Home,Square Crystal Collar Votive Large,A square crystal collar votive large in a clear finish made of crystal,,,,,,,,finish,1,CHN,A-9999999,,,,,,,,,,,,,Clear,,,,,,Crystal,,,,,,,,,,,,,,,,4,9,6,6,,,,,,,,,,,,,Modern / Contemporary
329028,087-582300424-1,1.0,4.0,4.0,3.0,True,99.99,99.99,False,Decorative Accessory,Dimond Home,Crystal Votive Cup,A crystal votive cup in a clear finish made of crystal,,,,,,,,finish,1,CHN,A-9999999,,,,,,,,,,,,,Clear,,,,,,Crystal,,,,,,,,,,,,,,,,2,8,6,7,,,,,,,,,,,,,Modern / Contemporary
329043,081-800801371-3,2.0,5.0,5.0,20.0,True,99.99,99.99,False,Decorative Accessory,Dimond Home,Crystal Candlestick - Small,A crystal candlestick - small in a clear finish made of crystal,Handcrafted,,,,,,,finish,1,CHN,A-9999999,,,,,,,,,,,,,Clear,,,,,,Crystal,,,,,,,,,,,,,,,,8,24,9,9,,,,,,,,,,,,,Transitional
329044,081-800801372-0,3.0,7.0,7.0,32.0,True,99.99,99.99,False,Decorative Accessory,Dimond Home,Crystal Candlestick - Large,A crystal candlestick - large in a clear finish made of crystal,Handcrafted,,,,,,,finish,1,CHN,A-9999999,,,,,,,,,,,,,Clear,,,,,,Crystal,,,,,,,,,,,,,,,,5,43,8,11,,,,,,,,,,,,,Transitional
344009,087-582300068-7,1.0,7.0,0.5,9.0,True,99.99,99.99,False,Decorative Accessory,Dimond Home,Striped Horn Frame 4x6,"A striped horn frame 4x6 in a black finish made of natural horn, resin",Handcrafted,,,,,,,finish,1,IND,A-9999999,,,,,,,,,,,,,Black,,,,,,"Natural Horn, Resin",,,,,,,,,,,,,,,,2,12,12,2,,,,,,,,,,,,,Transitional
344010,087-582300070-0,1.0,8.0,0.5,10.0,True,99.99,99.99,False,Decorative Accessory,Dimond Home,Striped Horn Frame 5x7,"A striped horn frame 5x7 in a black finish made of natural horn, resin",Handcrafted,,,,,,,finish,1,CHN,A-9999999,,,,,,,,,,,,,Black,,,,,,"Natural Horn, Resin",,,,,,,,,,,,,,,,2,12,12,2,,,,,,,,,,,,,Transitional
344016,087-582300437-1,1.0,12.0,4.0,3.0,True,99.99,99.99,False,Decorative Accessory,Dimond Home,Bone Rod Pattern Rectangular Box,A bone rod pattern rectangular box in a cream finish made of natural bone,Decorative Use Only,Handcrafted,,,,,,finish,1,CHN,A-9999999,,,,,,,,,,,,,Cream,,,,,,Natural Bone,,,,,,,,,,,,,,,,3,6,13,4,,,,,,,,,,,,,Transitional
344021,087-582300442-5,1.0,6.0,0.5,8.0,True,99.99,99.99,False,Decorative Accessory,Dimond Home,Bone Block Frame 4x6,A bone block frame 4x6 in a cream finish made of natural bone,,,,,,,,finish,1,CHN,A-9999999,,,,,,,,,,,,,Cream,,,,,,Natural Bone,,,,,,,,,,,,,,,,2,8,10,3,,,,,,,,,,,,,Transitional
344022,087-582300443-2,1.0,7.0,0.5,9.0,True,99.99,99.99,False,Decorative Accessory,Dimond Home,Bone Block Frame 5x7,A bone block frame 5x7 in a cream finish made of natural bone,,,,,,,,finish,1,CHN,A-9999999,,,,,,,,,,,,,Cream,,,,,,Natural Bone,,,,,,,,,,,,,,,,2,12,12,2,,,,,,,,,,,,,Transitional
344026,087-582300640-5,1.0,6.0,0.5,8.0,True,99.99,99.99,False,Decorative Accessory,Dimond Home,Organic Bone Frame,A organic bone frame in a white finish made of natural bone,Handcrafted,,,,,,,finish,1,CHN,A-9999999,,,,,,,,,,,,,White,,,,,,Natural Bone,,,,,,,,,,,,,,,,2,8,10,3,,,,,,,,,,,,,Transitional
344056,081-800801042-2,1.0,8.0,5.0,2.0,True,99.99,99.99,False,Decorative Accessory,Dimond Home,Pin Stripe Bone Box - Small,A pin stripe bone box - small in a grey finish made of natural bone,Decorative Use Only,Handcrafted,,,,,,finish,1,CHN,A-9999999,,,,,,,,,,,,,Grey,,,,,,Natural Bone,,,,,,,,,,,,,,,,2,8,11,4,,,,,,,,,,,,,Transitional
344057,081-800801043-9,2.0,10.0,7.0,3.0,True,99.99,99.99,False,Decorative Accessory,Dimond Home,Pin Stripe Bone Box - Large,A pin stripe bone box - large in a grey finish made of natural bone,Decorative Use Only,Handcrafted,,,,,,finish,1,CHN,A-9999999,,,,,,,,,,,,,Grey,,,,,,Natural Bone,,,,,,,,,,,,,,,,4,8,11,4,,,,,,,,,,,,,Transitional
344058,081-800801044-6,1.0,6.0,0.3,8.0,True,99.99,99.99,False,Decorative Accessory,Dimond Home,Pin Stripe Bone 4x6 Frame,A pin stripe bone 4x6 frame in a grey finish made of natural bone,Handcrafted,,,,,,,finish,1,CHN,A-9999999,,,,,,,,,,,,,Grey,,,,,,Natural Bone,,,,,,,,,,,,,,,,2,10,10,2,,,,,,,,,,,,,Transitional
344059,081-800801045-3,1.0,7.0,0.3,9.0,True,99.99,99.99,False,Decorative Accessory,Dimond Home,Pin Stripe Bone 5x7 Frame,A pin stripe bone 5x7 frame in a grey finish made of natural bone,Handcrafted,,,,,,,finish,1,CHN,A-9999999,,,,,,,,,,,,,Grey,,,,,,Natural Bone,,,,,,,,,,,,,,,,2,11,13,3,,,,,,,,,,,,,Transitional
346015,087-582300862-1,1.0,9.0,0.3,8.0,True,99.99,99.99,False,Decorative Accessory,Dimond Home,Aluminum Bark Frame 4x6,A aluminum bark frame 4x6 in a silver finish made of aluminum,,,,,,,,finish,1,IND,A-9999999,,,,,,,,,,,,,Silver,,,,,,Aluminum,,,,,,,,,,,,,,,,2,10,10,2,,,,,,,,,,,,,Transitional
346017,087-582300595-8,1.0,10.0,10.0,8.0,True,99.99,99.99,False,Decorative Accessory,Dimond Home,Hammered Nickel and Brass Bowl - Small,A hammered nickel and brass bowl - small in a silver finish made of nickel-plated brass,Decorative Use Only,Handcrafted,,,,,,finish,1,IND,A-9999999,,,,,,,,,,,,,Silver,,,,,,Nickel-Plated Brass,,,,,,,,,,,,,,,,2,12,12,8,,,,,,,,,,,,,Transitional
346018,087-582300537-8,2.0,13.0,13.0,9.0,True,99.99,99.99,False,Decorative Accessory,Dimond Home,Hammered Nickel and Brass Bowl - Large,A hammered nickel and brass bowl - large in a silver finish made of nickel-plated brass,For Decorative Use Only,Handcrafted,,,,,,finish,1,IND,A-9999999,,,,,,,,,,,,,Silver,,,,,,Nickel-Plated Brass,,,,,,,,,,,,,,,,3,12,12,9,,,,,,,,,,,,,Transitional
346022,081-800801133-7,1.0,10.0,10.0,8.0,True,99.99,99.99,False,Decorative Accessory,Dimond Home,Gold Hammered Brass Bowl - Small,A gold hammered brass bowl - small in a gold finish made of brass,Decorative Use Only,Handcrafted,,,,,,finish,1,IND,A-9999999,,,,,,,,,,,,,Gold,,,,,,Brass,,,,,,,,,,,,,,,,3,10,9,10,,,,,,,,,,,,,Transitional
346023,081-800801134-4,2.0,13.0,13.0,9.0,True,99.99,99.99,False,Decorative Accessory,Dimond Home,Gold Hammered Brass Bowl - Large,A gold hammered brass bowl - large in a gold finish made of brass,Decorative Use Only,Handcrafted,,,,,,finish,1,IND,A-9999999,,,,,,,,,,,,,Gold,,,,,,Brass,,,,,,,,,,,,,,,,4,13,10,13,,,,,,,,,,,,,Transitional
346033,081-800801295-2,1.0,4.0,0.3,6.0,True,99.99,99.99,False,Decorative Accessory,Dimond Home,Silver Bamboo 4x6 Frame,A silver bamboo 4x6 frame in a silver finish made of aluminum,,,,,,,,finish,1,IND,A-9999999,,,,,,,,,,,,,Silver,,,,,,Aluminum,,,,,,,,,,,,,,,,2,12,2,10,,,,,,,,,,,,,Transitional
346034,081-800801296-9,1.0,5.0,0.3,7.0,True,99.99,99.99,False,Decorative Accessory,Dimond Home,Silver Bamboo 5x7 Frame,A silver bamboo 5x7 frame in a silver finish made of aluminum,Handcrafted,,,,,,,finish,1,IND,A-9999999,,,,,,,,,,,,,Silver,,,,,,Aluminum,,,,,,,,,,,,,,,,3,13,3,11,,,,,,,,,,,,,Transitional
350040,080-432300915-9,,17.0,17.0,29.0,True,99.99,99.99,False,Indoor Lighting,GuildMaster,WOOD CYLINDER LAMP,A wood cylinder lamp in a wood tone finish made of wood,,,,,,,,finish,1,IDN,A-9999999,,,,,No,A21 3-Way,,,,,,,Wood Tone,,,No,,,Wood,,,,,,,,,,3-Way,,,150,,,13,19,26,19,,,,,,,,,,,,,
352003,080-434318903-9,,16.0,14.0,30.0,True,99.99,99.99,False,Indoor Lighting,GuildMaster,KENSINGTON LAMP,A kensington lamp in a blue finish made of metal,,,,,,,,finish,1,CHN,A-9999999,,,,,No,A21 3-Way,,,,,,,Blue,,,No,,,Metal,,,,,,,,,,3-Way,,,150,,,8,18,26,18,,,,,,,,,,,,,
353524,080-432335354-2,,13.0,13.0,23.0,True,99.99,99.99,False,Indoor Lighting,GuildMaster,MARGUIRITE LAMP DUO,"A marguirite lamp duo in a brown finish made of linen, wood",,,,,,,,finish,1,CHN,A-9999999,,,,,No,A21 3-Way,,,,,,,Brown,,,No,,,"Linen, Wood",,,,,,,,,,3-Way,,,150,,,8,15,31,15,,,,,,,,,,,,,
354307,,,17.0,17.0,34.0,True,99.99,99.99,False,Indoor Lighting,GuildMaster,TAWNY LAMP,A tawny lamp in a brown finish made of ,,,,,,,,finish,,CHN,A-9999999,,,,,,,,,,,,,Brown,,,No,,,,,,,,,,,,,,,,,,,,,,,,,,,,,,,,,,,
355004,080-434319111-7,,12.0,12.0,32.0,True,99.99,99.99,False,Indoor Lighting,GuildMaster,Barley Twist Spindle Lamp,A barley twist spindle lamp in a honey oak finish made of solid mahogany,Base measures in inches:  23x7x7,,,,,,,finish,1,IDN,A-9999999,,,,,No,A21 3-Way,,,,,,,Honey Oak,,,,,,Solid Mahogany,,,,,,,,Drum Shade,,3-Way,,,100,,,14,13,27,13,,,,,,,,,,,,,Traditional
355015,080-434319115-5,,14.0,14.0,31.5,True,99.99,99.99,False,Indoor Lighting,GuildMaster,Carved Beacon Lamp,A carved beacon lamp in a artisan stain finish made of solid mahogany,Base measures in inches:  18.25x6.75x6.75,,,,,,,finish,1,IDN,A-9999999,,,,,No,A21 3-Way,,,,,,,Artisan Stain,,,,,,Solid Mahogany,,,,,,,,Square Flair Shade,,3-Way,,,100,,,22,15,30,15,,,,,,,,,,,,,Traditional
355016,080-434319116-2,,17.0,17.0,33.5,True,99.99,99.99,False,Indoor Lighting,GuildMaster,Terra Cotta Lamp I,A terra cotta lamp i in a hand-painted finish made of terracotta,Base measures in inches:  21.5x12x12,,,,,,,finish,1,IDN,A-9999999,,,,,No,A21 3-Way,,,,,,,Hand-Painted,,,,,,Terracotta,,,,,,,,Flair Shade,,3-Way,,,100,,,31,21,33,21,,,,,,,,,,,,,Traditional
355020,080-434319118-6,,17.0,17.0,33.0,True,99.99,99.99,False,Indoor Lighting,GuildMaster,Terra Cotta Lamp III,A terra cotta lamp iii in a loft white finish made of terracotta,Base measures in inches:  21.25x10.5x10.5,,,,,,,finish,1,IDN,A-9999999,,,,,No,A21 3-Way,,,,,,,Loft White,,,,,,Terracotta,,,,,,,,Flair Shade,,3-Way,,,100,,,34,19,28,19,,,,,,,,,,,,,Traditional
355021,080-434319119-3,,17.0,17.0,31.0,True,99.99,99.99,False,Indoor Lighting,GuildMaster,Terra Cotta Lamp VI,A terra cotta lamp vi in a hand-painted finish made of terracotta,Base measures in inches:  18.25x10.75x10.75,,,,,,,finish,1,IDN,A-9999999,,,,,No,A21 3-Way,,,,,,,Hand-Painted,,,,,,Terracotta,,,,,,,,Drum Shade,,3-Way,,,100,,,27,17,26,17,,,,,,,,,,,,,Traditional
355023,080-434319121-6,,16.0,16.0,33.5,True,99.99,99.99,False,Indoor Lighting,GuildMaster,Terra Cotta Lamp IV,A terra cotta lamp iv in a hand-painted finish made of terracotta,Base measures in inches:  21x8x8,,,,,,,finish,1,IDN,A-9999999,,,,,No,A21 3-Way,,,,,,,Hand-Painted,,,,,,Terracotta,,,,,,,,Drum Shade,,3-Way,,,100,,,26,32,20,19,,,,,,,,,,,,,Traditional
355031,080-434319127-8,,16.0,16.0,28.0,True,99.99,99.99,False,Indoor Lighting,GuildMaster,Vintage Lamp,A vintage lamp in a vintage bleu gris finish made of solid mahogany,Base measures in inches:  16x11.75x11.75,,,,,,,finish,1,IDN,A-9999999,,,,,No,A21 3-Way,,,,,,,Vintage Bleu Gris,,,,,,Solid Mahogany,,,,,,,,Flair Shade,,3-Way,,,100,,,22,23,17,17,,,,,,,,,,,,,Traditional
355035,080-434319130-8,,17.0,17.0,31.0,True,99.99,99.99,False,Indoor Lighting,GuildMaster,Terra Cotta Lamp IX,A terra cotta lamp ix in a crossroads rosa finish made of terracotta,Base measures in inches: 18x10x10,,,,,,,finish,1,IDN,A-9999999,,,,,No,A21 3-Way,,,,,,,Crossroads Rosa,,,,,,Terracotta,,,,,,,,Flair Shade,,3-Way,,,100,,,40,32,20,20,,,,,,,,,,,,,Traditional
355039,080-434319132-2,,16.0,16.0,31.0,True,99.99,99.99,False,Indoor Lighting,GuildMaster,Terra Cotta Cylinder Lamp,A terra cotta cylinder lamp in a hand-painted finish made of terracotta,Base measures in inches:  16.75x7.75x7.75,,,,,,,finish,1,IDN,A-9999999,,,,,No,A21 3-Way,,66,,,,,Hand-Painted,,,,,,Terracotta,,,,,,,,Flair Shade,,3-Way,,,100,,,40,17,24,17,,,,,,,,,,,,,Traditional
